target,interval,profit
1,"range(1, 2)",0.01
1,"range(2, 3)",0.01
1,"range(3, 4)",0.01
1,"range(4, 5)",0.01
1,"range(5, 6)",0.01
1,"range(6, 7)",0.01
1,"range(7, 8)",0.01
1,"range(8, 9)",0.01
1,"range(9, 10)",0.01
1,"range(10, 11)",0.01
1,"range(11, 12)",0.01
1,"range(12, 13)",0.01
1,"range(13, 14)",0.01
1,"range(14, 15)",0.01
1,"range(15, 16)",0.01
1,"range(16, 17)",0.01
1,"range(17, 18)",0.01
1,"range(18, 19)",0.01
1,"range(19, 20)",0.01
1,"range(20, 21)",0.01
1,"range(21, 22)",0.01
1,"range(22, 23)",0.01
1,"range(23, 24)",0.01
1,"range(24, 25)",0.01
1,"range(25, 26)",0.01
1,"range(26, 27)",0.01
1,"range(27, 28)",0.01
1,"range(28, 29)",0.01
1,"range(29, 30)",0.01
1,"range(30, 31)",0.01
1,"range(31, 32)",0.01
1,"range(32, 33)",0.01
1,"range(33, 34)",0.01
1,"range(34, 35)",0.01
1,"range(35, 36)",0.01
1,"range(36, 37)",0.01
1,"range(37, 38)",0.01
1,"range(38, 39)",0.01
1,"range(39, 40)",0.01
1,"range(40, 41)",0.01
1,"range(41, 42)",0.01
1,"range(42, 43)",0.01
1,"range(43, 44)",0.01
1,"range(44, 45)",0.01
1,"range(45, 46)",0.01
1,"range(46, 47)",0.01
1,"range(47, 48)",0.01
1,"range(48, 49)",0.01
1,"range(49, 50)",0.01
1,"range(50, 51)",0.01
1,"range(51, 52)",0.01
1,"range(52, 53)",0.01
1,"range(53, 54)",0.01
1,"range(54, 55)",0.01
1,"range(55, 56)",0.01
1,"range(56, 57)",0.01
1,"range(57, 58)",0.01
1,"range(58, 59)",0.01
1,"range(59, 60)",0.01
1,"range(60, 61)",0.01
2,"range(1, 2)",0.01
2,"range(2, 3)",0.01
2,"range(3, 4)",0.01
2,"range(4, 5)",0.01
2,"range(5, 6)",0.01
2,"range(6, 7)",0.01
2,"range(7, 8)",0.01
2,"range(8, 9)",0.01
2,"range(9, 10)",0.01
2,"range(10, 11)",0.01
2,"range(11, 12)",0.01
2,"range(12, 13)",0.01
2,"range(13, 14)",0.01
2,"range(14, 15)",0.01
2,"range(15, 16)",0.01
2,"range(16, 17)",0.01
2,"range(17, 18)",0.01
2,"range(18, 19)",0.01
2,"range(19, 20)",0.01
2,"range(20, 21)",0.01
2,"range(21, 22)",0.01
2,"range(22, 23)",0.01
2,"range(23, 24)",0.01
2,"range(24, 25)",0.01
2,"range(25, 26)",0.01
2,"range(26, 27)",0.01
2,"range(27, 28)",0.01
2,"range(28, 29)",0.01
2,"range(29, 30)",0.01
2,"range(30, 31)",0.01
2,"range(31, 32)",0.01
2,"range(32, 33)",0.01
2,"range(33, 34)",0.01
2,"range(34, 35)",0.01
2,"range(35, 36)",0.01
2,"range(36, 37)",0.01
2,"range(37, 38)",0.01
2,"range(38, 39)",0.01
2,"range(39, 40)",0.01
2,"range(40, 41)",0.01
2,"range(41, 42)",0.01
2,"range(42, 43)",0.01
2,"range(43, 44)",0.01
2,"range(44, 45)",0.01
2,"range(45, 46)",0.01
2,"range(46, 47)",0.01
2,"range(47, 48)",0.01
2,"range(48, 49)",0.01
2,"range(49, 50)",0.01
2,"range(50, 51)",0.01
2,"range(51, 52)",0.01
2,"range(52, 53)",0.01
2,"range(53, 54)",0.01
2,"range(54, 55)",0.01
2,"range(55, 56)",0.01
2,"range(56, 57)",0.01
2,"range(57, 58)",0.01
2,"range(58, 59)",0.01
2,"range(59, 60)",0.01
2,"range(60, 61)",0.01
3,"range(1, 2)",0.01
3,"range(2, 3)",0.01
3,"range(3, 4)",0.01
3,"range(4, 5)",0.01
3,"range(5, 6)",0.01
3,"range(6, 7)",0.01
3,"range(7, 8)",0.01
3,"range(8, 9)",0.01
3,"range(9, 10)",0.01
3,"range(10, 11)",0.01
3,"range(11, 12)",0.01
3,"range(12, 13)",0.01
3,"range(13, 14)",0.01
3,"range(14, 15)",0.01
3,"range(15, 16)",0.01
3,"range(16, 17)",0.01
3,"range(17, 18)",0.01
3,"range(18, 19)",0.01
3,"range(19, 20)",0.01
3,"range(20, 21)",0.01
3,"range(21, 22)",0.01
3,"range(22, 23)",0.01
3,"range(23, 24)",0.01
3,"range(24, 25)",0.01
3,"range(25, 26)",0.01
3,"range(26, 27)",0.01
3,"range(27, 28)",0.01
3,"range(28, 29)",0.01
3,"range(29, 30)",0.01
3,"range(30, 31)",0.01
3,"range(31, 32)",0.01
3,"range(32, 33)",0.01
3,"range(33, 34)",0.01
3,"range(34, 35)",0.01
3,"range(35, 36)",0.01
3,"range(36, 37)",0.01
3,"range(37, 38)",0.01
3,"range(38, 39)",0.01
3,"range(39, 40)",0.01
3,"range(40, 41)",0.01
3,"range(41, 42)",0.01
3,"range(42, 43)",0.01
3,"range(43, 44)",0.01
3,"range(44, 45)",0.01
3,"range(45, 46)",0.01
3,"range(46, 47)",0.01
3,"range(47, 48)",0.01
3,"range(48, 49)",0.01
3,"range(49, 50)",0.01
3,"range(50, 51)",0.01
3,"range(51, 52)",0.01
3,"range(52, 53)",0.01
3,"range(53, 54)",0.01
3,"range(54, 55)",0.01
3,"range(55, 56)",0.01
3,"range(56, 57)",0.01
3,"range(57, 58)",0.01
3,"range(58, 59)",0.01
3,"range(59, 60)",0.01
3,"range(60, 61)",0.01
4,"range(1, 2)",0.01
4,"range(2, 3)",0.01
4,"range(3, 4)",0.01
4,"range(4, 5)",0.01
4,"range(5, 6)",0.01
4,"range(6, 7)",0.01
4,"range(7, 8)",0.01
4,"range(8, 9)",0.01
4,"range(9, 10)",0.01
4,"range(10, 11)",0.01
4,"range(11, 12)",0.01
4,"range(12, 13)",0.01
4,"range(13, 14)",0.01
4,"range(14, 15)",0.01
4,"range(15, 16)",0.01
4,"range(16, 17)",0.01
4,"range(17, 18)",0.01
4,"range(18, 19)",0.01
4,"range(19, 20)",0.01
4,"range(20, 21)",0.01
4,"range(21, 22)",0.01
4,"range(22, 23)",0.01
4,"range(23, 24)",0.01
4,"range(24, 25)",0.01
4,"range(25, 26)",0.01
4,"range(26, 27)",0.01
4,"range(27, 28)",0.01
4,"range(28, 29)",0.01
4,"range(29, 30)",0.01
4,"range(30, 31)",0.01
4,"range(31, 32)",0.01
4,"range(32, 33)",0.01
4,"range(33, 34)",0.01
4,"range(34, 35)",0.01
4,"range(35, 36)",0.01
4,"range(36, 37)",0.01
4,"range(37, 38)",0.01
4,"range(38, 39)",0.01
4,"range(39, 40)",0.01
4,"range(40, 41)",0.01
4,"range(41, 42)",0.01
4,"range(42, 43)",0.01
4,"range(43, 44)",0.01
4,"range(44, 45)",0.01
4,"range(45, 46)",0.01
4,"range(46, 47)",0.01
4,"range(47, 48)",0.01
4,"range(48, 49)",0.01
4,"range(49, 50)",0.01
4,"range(50, 51)",0.01
4,"range(51, 52)",0.01
4,"range(52, 53)",0.01
4,"range(53, 54)",0.01
4,"range(54, 55)",0.01
4,"range(55, 56)",0.01
4,"range(56, 57)",0.01
4,"range(57, 58)",0.01
4,"range(58, 59)",0.01
4,"range(59, 60)",0.01
4,"range(60, 61)",0.01
5,"range(1, 2)",0.01
5,"range(2, 3)",0.01
5,"range(3, 4)",0.01
5,"range(4, 5)",0.01
5,"range(5, 6)",0.01
5,"range(6, 7)",0.01
5,"range(7, 8)",0.01
5,"range(8, 9)",0.01
5,"range(9, 10)",0.01
5,"range(10, 11)",0.01
5,"range(11, 12)",0.01
5,"range(12, 13)",0.01
5,"range(13, 14)",0.01
5,"range(14, 15)",0.01
5,"range(15, 16)",0.01
5,"range(16, 17)",0.01
5,"range(17, 18)",0.01
5,"range(18, 19)",0.01
5,"range(19, 20)",0.01
5,"range(20, 21)",0.01
5,"range(21, 22)",0.01
5,"range(22, 23)",0.01
5,"range(23, 24)",0.01
5,"range(24, 25)",0.01
5,"range(25, 26)",0.01
5,"range(26, 27)",0.01
5,"range(27, 28)",0.01
5,"range(28, 29)",0.01
5,"range(29, 30)",0.01
5,"range(30, 31)",0.01
5,"range(31, 32)",0.01
5,"range(32, 33)",0.01
5,"range(33, 34)",0.01
5,"range(34, 35)",0.01
5,"range(35, 36)",0.01
5,"range(36, 37)",0.01
5,"range(37, 38)",0.01
5,"range(38, 39)",0.01
5,"range(39, 40)",0.01
5,"range(40, 41)",0.01
5,"range(41, 42)",0.01
5,"range(42, 43)",0.01
5,"range(43, 44)",0.01
5,"range(44, 45)",0.01
5,"range(45, 46)",0.01
5,"range(46, 47)",0.01
5,"range(47, 48)",0.01
5,"range(48, 49)",0.01
5,"range(49, 50)",0.01
5,"range(50, 51)",0.01
5,"range(51, 52)",0.01
5,"range(52, 53)",0.01
5,"range(53, 54)",0.01
5,"range(54, 55)",0.01
5,"range(55, 56)",0.01
5,"range(56, 57)",0.01
5,"range(57, 58)",0.01
5,"range(58, 59)",0.01
5,"range(59, 60)",0.01
5,"range(60, 61)",0.01
6,"range(1, 2)",0.01
6,"range(2, 3)",0.01
6,"range(3, 4)",0.01
6,"range(4, 5)",0.01
6,"range(5, 6)",0.01
6,"range(6, 7)",0.01
6,"range(7, 8)",0.01
6,"range(8, 9)",0.01
6,"range(9, 10)",0.01
6,"range(10, 11)",0.01
6,"range(11, 12)",0.01
6,"range(12, 13)",0.01
6,"range(13, 14)",0.01
6,"range(14, 15)",0.01
6,"range(15, 16)",0.01
6,"range(16, 17)",0.01
6,"range(17, 18)",0.01
6,"range(18, 19)",0.01
6,"range(19, 20)",0.01
6,"range(20, 21)",0.01
6,"range(21, 22)",0.01
6,"range(22, 23)",0.01
6,"range(23, 24)",0.01
6,"range(24, 25)",0.01
6,"range(25, 26)",0.01
6,"range(26, 27)",0.01
6,"range(27, 28)",0.01
6,"range(28, 29)",0.01
6,"range(29, 30)",0.01
6,"range(30, 31)",0.01
6,"range(31, 32)",0.01
6,"range(32, 33)",0.01
6,"range(33, 34)",0.01
6,"range(34, 35)",0.01
6,"range(35, 36)",0.01
6,"range(36, 37)",0.01
6,"range(37, 38)",0.01
6,"range(38, 39)",0.01
6,"range(39, 40)",0.01
6,"range(40, 41)",0.01
6,"range(41, 42)",0.01
6,"range(42, 43)",0.01
6,"range(43, 44)",0.01
6,"range(44, 45)",0.01
6,"range(45, 46)",0.01
6,"range(46, 47)",0.01
6,"range(47, 48)",0.01
6,"range(48, 49)",0.01
6,"range(49, 50)",0.01
6,"range(50, 51)",0.01
6,"range(51, 52)",0.01
6,"range(52, 53)",0.01
6,"range(53, 54)",0.01
6,"range(54, 55)",0.01
6,"range(55, 56)",0.01
6,"range(56, 57)",0.01
6,"range(57, 58)",0.01
6,"range(58, 59)",0.01
6,"range(59, 60)",0.01
6,"range(60, 61)",0.01
7,"range(1, 2)",0.01
7,"range(2, 3)",0.01
7,"range(3, 4)",0.01
7,"range(4, 5)",0.01
7,"range(5, 6)",0.01
7,"range(6, 7)",0.01
7,"range(7, 8)",0.01
7,"range(8, 9)",0.01
7,"range(9, 10)",0.01
7,"range(10, 11)",0.01
7,"range(11, 12)",0.01
7,"range(12, 13)",0.01
7,"range(13, 14)",0.01
7,"range(14, 15)",0.01
7,"range(15, 16)",0.01
7,"range(16, 17)",0.01
7,"range(17, 18)",0.01
7,"range(18, 19)",0.01
7,"range(19, 20)",0.01
7,"range(20, 21)",0.01
7,"range(21, 22)",0.01
7,"range(22, 23)",0.01
7,"range(23, 24)",0.01
7,"range(24, 25)",0.01
7,"range(25, 26)",0.01
7,"range(26, 27)",0.01
7,"range(27, 28)",0.01
7,"range(28, 29)",0.01
7,"range(29, 30)",0.01
7,"range(30, 31)",0.01
7,"range(31, 32)",0.01
7,"range(32, 33)",0.01
7,"range(33, 34)",0.01
7,"range(34, 35)",0.01
7,"range(35, 36)",0.01
7,"range(36, 37)",0.01
7,"range(37, 38)",0.01
7,"range(38, 39)",0.01
7,"range(39, 40)",0.01
7,"range(40, 41)",0.01
7,"range(41, 42)",0.01
7,"range(42, 43)",0.01
7,"range(43, 44)",0.01
7,"range(44, 45)",0.01
7,"range(45, 46)",0.01
7,"range(46, 47)",0.01
7,"range(47, 48)",0.01
7,"range(48, 49)",0.01
7,"range(49, 50)",0.01
7,"range(50, 51)",0.01
7,"range(51, 52)",0.01
7,"range(52, 53)",0.01
7,"range(53, 54)",0.01
7,"range(54, 55)",0.01
7,"range(55, 56)",0.01
7,"range(56, 57)",0.01
7,"range(57, 58)",0.01
7,"range(58, 59)",0.01
7,"range(59, 60)",0.01
7,"range(60, 61)",0.01
8,"range(1, 2)",0.01
8,"range(2, 3)",0.01
8,"range(3, 4)",0.01
8,"range(4, 5)",0.01
8,"range(5, 6)",0.01
8,"range(6, 7)",0.01
8,"range(7, 8)",0.01
8,"range(8, 9)",0.01
8,"range(9, 10)",0.01
8,"range(10, 11)",0.01
8,"range(11, 12)",0.01
8,"range(12, 13)",0.01
8,"range(13, 14)",0.01
8,"range(14, 15)",0.01
8,"range(15, 16)",0.01
8,"range(16, 17)",0.01
8,"range(17, 18)",0.01
8,"range(18, 19)",0.01
8,"range(19, 20)",0.01
8,"range(20, 21)",0.01
8,"range(21, 22)",0.01
8,"range(22, 23)",0.01
8,"range(23, 24)",0.01
8,"range(24, 25)",0.01
8,"range(25, 26)",0.01
8,"range(26, 27)",0.01
8,"range(27, 28)",0.01
8,"range(28, 29)",0.01
8,"range(29, 30)",0.01
8,"range(30, 31)",0.01
8,"range(31, 32)",0.01
8,"range(32, 33)",0.01
8,"range(33, 34)",0.01
8,"range(34, 35)",0.01
8,"range(35, 36)",0.01
8,"range(36, 37)",0.01
8,"range(37, 38)",0.01
8,"range(38, 39)",0.01
8,"range(39, 40)",0.01
8,"range(40, 41)",0.01
8,"range(41, 42)",0.01
8,"range(42, 43)",0.01
8,"range(43, 44)",0.01
8,"range(44, 45)",0.01
8,"range(45, 46)",0.01
8,"range(46, 47)",0.01
8,"range(47, 48)",0.01
8,"range(48, 49)",0.01
8,"range(49, 50)",0.01
8,"range(50, 51)",0.01
8,"range(51, 52)",0.01
8,"range(52, 53)",0.01
8,"range(53, 54)",0.01
8,"range(54, 55)",0.01
8,"range(55, 56)",0.01
8,"range(56, 57)",0.01
8,"range(57, 58)",0.01
8,"range(58, 59)",0.01
8,"range(59, 60)",0.01
8,"range(60, 61)",0.01
9,"range(1, 2)",0.3
9,"range(2, 3)",0.3857142857142857
9,"range(3, 4)",0.3999999999999999
9,"range(4, 5)",0.01
9,"range(5, 6)",0.01
9,"range(6, 7)",0.01
9,"range(7, 8)",0.01
9,"range(8, 9)",0.01
9,"range(9, 10)",0.01
9,"range(10, 11)",0.01
9,"range(11, 12)",0.3714285714285714
9,"range(12, 13)",0.3714285714285714
9,"range(13, 14)",1.1
9,"range(14, 15)",1.0857142857142856
9,"range(15, 16)",1.0714285714285714
9,"range(16, 17)",1.4142857142857144
9,"range(17, 18)",1.4285714285714286
9,"range(18, 19)",1.4
9,"range(19, 20)",1.4
9,"range(20, 21)",1.4
9,"range(21, 22)",1.7571428571428571
9,"range(22, 23)",2.071428571428572
9,"range(23, 24)",1.8
9,"range(24, 25)",2.085714285714286
9,"range(25, 26)",2.442857142857143
9,"range(26, 27)",2.414285714285714
9,"range(27, 28)",2.142857142857143
9,"range(28, 29)",2.6142857142857143
9,"range(29, 30)",2.3285714285714287
9,"range(30, 31)",1.8571428571428568
9,"range(31, 32)",2.271428571428572
9,"range(32, 33)",2.2285714285714286
9,"range(33, 34)",3.0285714285714285
9,"range(34, 35)",3.157142857142857
9,"range(35, 36)",3.0285714285714285
9,"range(36, 37)",2.3428571428571425
9,"range(37, 38)",2.3857142857142857
9,"range(38, 39)",2.271428571428572
9,"range(39, 40)",1.4428571428571428
9,"range(40, 41)",1.5
9,"range(41, 42)",1.4857142857142858
9,"range(42, 43)",1.457142857142857
9,"range(43, 44)",1.9714285714285715
9,"range(44, 45)",1.6
9,"range(45, 46)",1.6428571428571428
9,"range(46, 47)",2.0142857142857142
9,"range(47, 48)",1.914285714285714
9,"range(48, 49)",2.071428571428572
9,"range(49, 50)",2.0142857142857142
9,"range(50, 51)",1.6142857142857143
9,"range(51, 52)",1.6285714285714286
9,"range(52, 53)",1.6428571428571428
9,"range(53, 54)",1.6285714285714286
9,"range(54, 55)",0.9142857142857144
9,"range(55, 56)",0.8571428571428571
9,"range(56, 57)",0.7857142857142857
9,"range(57, 58)",0.4714285714285714
9,"range(58, 59)",0.4571428571428572
9,"range(59, 60)",0.7285714285714285
9,"range(60, 61)",1.2
10,"range(1, 2)",0.01
10,"range(2, 3)",0.01
10,"range(3, 4)",0.01
10,"range(4, 5)",0.01
10,"range(5, 6)",0.01
10,"range(6, 7)",0.01
10,"range(7, 8)",0.01
10,"range(8, 9)",0.01
10,"range(9, 10)",0.01
10,"range(10, 11)",0.01
10,"range(11, 12)",0.01
10,"range(12, 13)",0.01
10,"range(13, 14)",0.01
10,"range(14, 15)",0.01
10,"range(15, 16)",0.01
10,"range(16, 17)",0.01
10,"range(17, 18)",0.01
10,"range(18, 19)",0.01
10,"range(19, 20)",0.01
10,"range(20, 21)",0.01
10,"range(21, 22)",0.01
10,"range(22, 23)",0.01
10,"range(23, 24)",0.01
10,"range(24, 25)",0.01
10,"range(25, 26)",0.01
10,"range(26, 27)",0.01
10,"range(27, 28)",0.01
10,"range(28, 29)",0.01
10,"range(29, 30)",0.01
10,"range(30, 31)",0.01
10,"range(31, 32)",0.01
10,"range(32, 33)",0.01
10,"range(33, 34)",0.01
10,"range(34, 35)",0.01
10,"range(35, 36)",0.01
10,"range(36, 37)",0.01
10,"range(37, 38)",0.01
10,"range(38, 39)",0.01
10,"range(39, 40)",0.01
10,"range(40, 41)",0.01
10,"range(41, 42)",0.01
10,"range(42, 43)",0.01
10,"range(43, 44)",0.01
10,"range(44, 45)",0.01
10,"range(45, 46)",0.01
10,"range(46, 47)",0.01
10,"range(47, 48)",0.01
10,"range(48, 49)",0.01
10,"range(49, 50)",0.01
10,"range(50, 51)",0.01
10,"range(51, 52)",0.01
10,"range(52, 53)",0.01
10,"range(53, 54)",0.01
10,"range(54, 55)",0.01
10,"range(55, 56)",0.01
10,"range(56, 57)",0.01
10,"range(57, 58)",0.01
10,"range(58, 59)",0.01
10,"range(59, 60)",0.01
10,"range(60, 61)",0.01
11,"range(1, 2)",0.01
11,"range(2, 3)",0.01
11,"range(3, 4)",0.01
11,"range(4, 5)",0.01
11,"range(5, 6)",0.01
11,"range(6, 7)",0.01
11,"range(7, 8)",0.01
11,"range(8, 9)",0.01
11,"range(9, 10)",0.01
11,"range(10, 11)",0.01
11,"range(11, 12)",0.01
11,"range(12, 13)",0.01
11,"range(13, 14)",0.01
11,"range(14, 15)",0.01
11,"range(15, 16)",0.01
11,"range(16, 17)",0.01
11,"range(17, 18)",0.01
11,"range(18, 19)",0.01
11,"range(19, 20)",0.01
11,"range(20, 21)",0.01
11,"range(21, 22)",0.01
11,"range(22, 23)",0.01
11,"range(23, 24)",0.01
11,"range(24, 25)",0.01
11,"range(25, 26)",0.01
11,"range(26, 27)",0.01
11,"range(27, 28)",0.01
11,"range(28, 29)",0.9285714285714286
11,"range(29, 30)",0.9285714285714286
11,"range(30, 31)",0.9571428571428572
11,"range(31, 32)",0.9
11,"range(32, 33)",0.9428571428571428
11,"range(33, 34)",0.01
11,"range(34, 35)",0.01
11,"range(35, 36)",0.01
11,"range(36, 37)",0.3142857142857143
11,"range(37, 38)",0.3571428571428571
11,"range(38, 39)",0.4428571428571429
11,"range(39, 40)",0.01
11,"range(40, 41)",0.4285714285714285
11,"range(41, 42)",0.4428571428571429
11,"range(42, 43)",0.4142857142857142
11,"range(43, 44)",0.4285714285714285
11,"range(44, 45)",0.01
11,"range(45, 46)",0.01
11,"range(46, 47)",0.01
11,"range(47, 48)",0.01
11,"range(48, 49)",0.3
11,"range(49, 50)",0.2714285714285714
11,"range(50, 51)",0.3
11,"range(51, 52)",0.3142857142857143
11,"range(52, 53)",0.3
11,"range(53, 54)",0.3
11,"range(54, 55)",0.3142857142857143
11,"range(55, 56)",0.2857142857142857
11,"range(56, 57)",0.3285714285714285
11,"range(57, 58)",0.2857142857142857
11,"range(58, 59)",0.01
11,"range(59, 60)",0.01
11,"range(60, 61)",0.01
12,"range(1, 2)",0.01
12,"range(2, 3)",0.01
12,"range(3, 4)",0.01
12,"range(4, 5)",0.01
12,"range(5, 6)",0.01
12,"range(6, 7)",0.01
12,"range(7, 8)",0.01
12,"range(8, 9)",0.01
12,"range(9, 10)",0.01
12,"range(10, 11)",0.01
12,"range(11, 12)",0.01
12,"range(12, 13)",0.01
12,"range(13, 14)",0.01
12,"range(14, 15)",0.01
12,"range(15, 16)",0.01
12,"range(16, 17)",0.01
12,"range(17, 18)",0.01
12,"range(18, 19)",0.01
12,"range(19, 20)",0.01
12,"range(20, 21)",0.01
12,"range(21, 22)",0.01
12,"range(22, 23)",0.01
12,"range(23, 24)",0.01
12,"range(24, 25)",0.01
12,"range(25, 26)",0.01
12,"range(26, 27)",0.01
12,"range(27, 28)",0.01
12,"range(28, 29)",0.01
12,"range(29, 30)",0.01
12,"range(30, 31)",0.01
12,"range(31, 32)",0.01
12,"range(32, 33)",0.01
12,"range(33, 34)",0.01
12,"range(34, 35)",0.01
12,"range(35, 36)",0.01
12,"range(36, 37)",0.01
12,"range(37, 38)",0.01
12,"range(38, 39)",0.01
12,"range(39, 40)",0.01
12,"range(40, 41)",0.01
12,"range(41, 42)",0.01
12,"range(42, 43)",0.01
12,"range(43, 44)",0.01
12,"range(44, 45)",0.01
12,"range(45, 46)",0.01
12,"range(46, 47)",0.01
12,"range(47, 48)",0.01
12,"range(48, 49)",0.01
12,"range(49, 50)",0.01
12,"range(50, 51)",0.01
12,"range(51, 52)",0.01
12,"range(52, 53)",0.01
12,"range(53, 54)",0.01
12,"range(54, 55)",0.01
12,"range(55, 56)",0.01
12,"range(56, 57)",0.01
12,"range(57, 58)",0.01
12,"range(58, 59)",0.01
12,"range(59, 60)",0.01
12,"range(60, 61)",0.01
13,"range(1, 2)",0.5
13,"range(2, 3)",0.5142857142857143
13,"range(3, 4)",0.5857142857142856
13,"range(4, 5)",0.5
13,"range(5, 6)",0.5714285714285714
13,"range(6, 7)",0.7142857142857143
13,"range(7, 8)",0.7999999999999999
13,"range(8, 9)",1.2285714285714289
13,"range(9, 10)",0.4142857142857142
13,"range(10, 11)",0.4142857142857142
13,"range(11, 12)",0.3999999999999999
13,"range(12, 13)",0.4142857142857142
13,"range(13, 14)",0.3999999999999999
13,"range(14, 15)",0.3999999999999999
13,"range(15, 16)",0.3857142857142857
13,"range(16, 17)",0.4142857142857142
13,"range(17, 18)",0.4428571428571429
13,"range(18, 19)",0.4285714285714285
13,"range(19, 20)",0.3999999999999999
13,"range(20, 21)",0.4142857142857142
13,"range(21, 22)",0.9285714285714286
13,"range(22, 23)",0.9285714285714286
13,"range(23, 24)",0.4857142857142857
13,"range(24, 25)",0.01
13,"range(25, 26)",0.01
13,"range(26, 27)",0.01
13,"range(27, 28)",0.01
13,"range(28, 29)",0.01
13,"range(29, 30)",0.01
13,"range(30, 31)",0.01
13,"range(31, 32)",0.01
13,"range(32, 33)",0.01
13,"range(33, 34)",0.01
13,"range(34, 35)",0.01
13,"range(35, 36)",0.01
13,"range(36, 37)",0.01
13,"range(37, 38)",0.01
13,"range(38, 39)",0.4142857142857142
13,"range(39, 40)",1.3142857142857145
13,"range(40, 41)",0.6285714285714287
13,"range(41, 42)",0.5142857142857143
13,"range(42, 43)",0.6285714285714287
13,"range(43, 44)",0.01
13,"range(44, 45)",0.2142857142857142
13,"range(45, 46)",1.1714285714285713
13,"range(46, 47)",0.01
13,"range(47, 48)",1.1285714285714286
13,"range(48, 49)",1.1428571428571428
13,"range(49, 50)",0.01
13,"range(50, 51)",0.01
13,"range(51, 52)",0.01
13,"range(52, 53)",0.3428571428571428
13,"range(53, 54)",0.3857142857142857
13,"range(54, 55)",0.3857142857142857
13,"range(55, 56)",0.3999999999999999
13,"range(56, 57)",0.4571428571428572
13,"range(57, 58)",0.4285714285714285
13,"range(58, 59)",0.01
13,"range(59, 60)",0.01
13,"range(60, 61)",0.01
14,"range(1, 2)",0.01
14,"range(2, 3)",0.01
14,"range(3, 4)",0.01
14,"range(4, 5)",0.01
14,"range(5, 6)",0.01
14,"range(6, 7)",0.01
14,"range(7, 8)",0.01
14,"range(8, 9)",0.01
14,"range(9, 10)",0.01
14,"range(10, 11)",0.01
14,"range(11, 12)",0.01
14,"range(12, 13)",0.01
14,"range(13, 14)",0.01
14,"range(14, 15)",0.01
14,"range(15, 16)",0.01
14,"range(16, 17)",0.01
14,"range(17, 18)",0.01
14,"range(18, 19)",0.01
14,"range(19, 20)",0.01
14,"range(20, 21)",0.01
14,"range(21, 22)",0.01
14,"range(22, 23)",0.01
14,"range(23, 24)",0.01
14,"range(24, 25)",0.01
14,"range(25, 26)",0.01
14,"range(26, 27)",0.01
14,"range(27, 28)",0.01
14,"range(28, 29)",0.01
14,"range(29, 30)",0.01
14,"range(30, 31)",0.01
14,"range(31, 32)",0.01
14,"range(32, 33)",0.01
14,"range(33, 34)",0.01
14,"range(34, 35)",0.01
14,"range(35, 36)",0.01
14,"range(36, 37)",0.01
14,"range(37, 38)",0.01
14,"range(38, 39)",0.01
14,"range(39, 40)",0.01
14,"range(40, 41)",0.01
14,"range(41, 42)",0.01
14,"range(42, 43)",0.01
14,"range(43, 44)",0.01
14,"range(44, 45)",0.01
14,"range(45, 46)",0.01
14,"range(46, 47)",0.01
14,"range(47, 48)",0.01
14,"range(48, 49)",0.01
14,"range(49, 50)",0.01
14,"range(50, 51)",0.01
14,"range(51, 52)",0.01
14,"range(52, 53)",0.01
14,"range(53, 54)",0.01
14,"range(54, 55)",0.01
14,"range(55, 56)",0.01
14,"range(56, 57)",0.01
14,"range(57, 58)",0.01
14,"range(58, 59)",0.01
14,"range(59, 60)",0.01
14,"range(60, 61)",0.01
15,"range(1, 2)",0.01
15,"range(2, 3)",0.01
15,"range(3, 4)",0.01
15,"range(4, 5)",0.01
15,"range(5, 6)",0.01
15,"range(6, 7)",0.01
15,"range(7, 8)",0.01
15,"range(8, 9)",0.01
15,"range(9, 10)",0.01
15,"range(10, 11)",0.01
15,"range(11, 12)",0.01
15,"range(12, 13)",0.01
15,"range(13, 14)",0.01
15,"range(14, 15)",0.01
15,"range(15, 16)",0.01
15,"range(16, 17)",0.01
15,"range(17, 18)",0.01
15,"range(18, 19)",0.01
15,"range(19, 20)",0.01
15,"range(20, 21)",0.01
15,"range(21, 22)",0.01
15,"range(22, 23)",0.01
15,"range(23, 24)",0.01
15,"range(24, 25)",0.01
15,"range(25, 26)",0.01
15,"range(26, 27)",0.01
15,"range(27, 28)",0.01
15,"range(28, 29)",0.01
15,"range(29, 30)",0.01
15,"range(30, 31)",0.01
15,"range(31, 32)",0.01
15,"range(32, 33)",0.01
15,"range(33, 34)",0.01
15,"range(34, 35)",0.01
15,"range(35, 36)",0.01
15,"range(36, 37)",0.01
15,"range(37, 38)",0.01
15,"range(38, 39)",0.01
15,"range(39, 40)",0.01
15,"range(40, 41)",0.01
15,"range(41, 42)",0.01
15,"range(42, 43)",0.01
15,"range(43, 44)",0.01
15,"range(44, 45)",0.01
15,"range(45, 46)",0.01
15,"range(46, 47)",0.01
15,"range(47, 48)",0.01
15,"range(48, 49)",0.01
15,"range(49, 50)",0.01
15,"range(50, 51)",0.01
15,"range(51, 52)",0.01
15,"range(52, 53)",0.01
15,"range(53, 54)",0.01
15,"range(54, 55)",0.01
15,"range(55, 56)",0.01
15,"range(56, 57)",0.01
15,"range(57, 58)",0.01
15,"range(58, 59)",0.01
15,"range(59, 60)",0.01
15,"range(60, 61)",0.01
16,"range(1, 2)",0.01
16,"range(2, 3)",0.01
16,"range(3, 4)",0.01
16,"range(4, 5)",0.01
16,"range(5, 6)",0.01
16,"range(6, 7)",0.01
16,"range(7, 8)",0.01
16,"range(8, 9)",0.01
16,"range(9, 10)",0.01
16,"range(10, 11)",0.01
16,"range(11, 12)",0.01
16,"range(12, 13)",0.01
16,"range(13, 14)",0.01
16,"range(14, 15)",0.01
16,"range(15, 16)",0.01
16,"range(16, 17)",0.01
16,"range(17, 18)",0.01
16,"range(18, 19)",0.01
16,"range(19, 20)",0.01
16,"range(20, 21)",0.01
16,"range(21, 22)",0.01
16,"range(22, 23)",0.01
16,"range(23, 24)",0.01
16,"range(24, 25)",0.01
16,"range(25, 26)",0.01
16,"range(26, 27)",0.01
16,"range(27, 28)",0.01
16,"range(28, 29)",0.01
16,"range(29, 30)",0.01
16,"range(30, 31)",0.01
16,"range(31, 32)",0.01
16,"range(32, 33)",0.01
16,"range(33, 34)",0.01
16,"range(34, 35)",0.01
16,"range(35, 36)",0.01
16,"range(36, 37)",0.01
16,"range(37, 38)",0.01
16,"range(38, 39)",0.01
16,"range(39, 40)",0.01
16,"range(40, 41)",0.01
16,"range(41, 42)",0.01
16,"range(42, 43)",0.01
16,"range(43, 44)",0.01
16,"range(44, 45)",0.01
16,"range(45, 46)",0.01
16,"range(46, 47)",0.01
16,"range(47, 48)",0.01
16,"range(48, 49)",0.01
16,"range(49, 50)",0.01
16,"range(50, 51)",0.01
16,"range(51, 52)",0.01
16,"range(52, 53)",0.01
16,"range(53, 54)",0.01
16,"range(54, 55)",0.01
16,"range(55, 56)",0.01
16,"range(56, 57)",0.01
16,"range(57, 58)",0.01
16,"range(58, 59)",0.01
16,"range(59, 60)",0.01
16,"range(60, 61)",0.01
17,"range(1, 2)",0.01
17,"range(2, 3)",0.01
17,"range(3, 4)",0.01
17,"range(4, 5)",0.01
17,"range(5, 6)",0.01
17,"range(6, 7)",0.01
17,"range(7, 8)",0.01
17,"range(8, 9)",0.01
17,"range(9, 10)",0.01
17,"range(10, 11)",0.01
17,"range(11, 12)",0.01
17,"range(12, 13)",0.01
17,"range(13, 14)",0.01
17,"range(14, 15)",0.01
17,"range(15, 16)",0.01
17,"range(16, 17)",0.01
17,"range(17, 18)",0.01
17,"range(18, 19)",0.01
17,"range(19, 20)",0.01
17,"range(20, 21)",0.01
17,"range(21, 22)",0.01
17,"range(22, 23)",0.01
17,"range(23, 24)",0.01
17,"range(24, 25)",0.01
17,"range(25, 26)",0.01
17,"range(26, 27)",0.01
17,"range(27, 28)",0.01
17,"range(28, 29)",0.01
17,"range(29, 30)",0.01
17,"range(30, 31)",0.01
17,"range(31, 32)",0.01
17,"range(32, 33)",0.01
17,"range(33, 34)",0.01
17,"range(34, 35)",0.01
17,"range(35, 36)",0.01
17,"range(36, 37)",0.01
17,"range(37, 38)",0.01
17,"range(38, 39)",0.01
17,"range(39, 40)",0.01
17,"range(40, 41)",0.01
17,"range(41, 42)",0.01
17,"range(42, 43)",0.01
17,"range(43, 44)",0.01
17,"range(44, 45)",0.01
17,"range(45, 46)",0.01
17,"range(46, 47)",0.01
17,"range(47, 48)",0.01
17,"range(48, 49)",0.01
17,"range(49, 50)",0.01
17,"range(50, 51)",0.01
17,"range(51, 52)",0.01
17,"range(52, 53)",0.01
17,"range(53, 54)",0.01
17,"range(54, 55)",0.01
17,"range(55, 56)",0.01
17,"range(56, 57)",0.01
17,"range(57, 58)",0.01
17,"range(58, 59)",0.01
17,"range(59, 60)",0.01
17,"range(60, 61)",0.01
18,"range(1, 2)",0.01
18,"range(2, 3)",0.01
18,"range(3, 4)",0.01
18,"range(4, 5)",0.01
18,"range(5, 6)",0.01
18,"range(6, 7)",0.01
18,"range(7, 8)",0.01
18,"range(8, 9)",0.01
18,"range(9, 10)",0.01
18,"range(10, 11)",0.01
18,"range(11, 12)",0.01
18,"range(12, 13)",0.01
18,"range(13, 14)",0.01
18,"range(14, 15)",0.01
18,"range(15, 16)",0.01
18,"range(16, 17)",0.01
18,"range(17, 18)",0.01
18,"range(18, 19)",0.01
18,"range(19, 20)",0.01
18,"range(20, 21)",0.01
18,"range(21, 22)",0.01
18,"range(22, 23)",0.01
18,"range(23, 24)",0.01
18,"range(24, 25)",0.01
18,"range(25, 26)",0.01
18,"range(26, 27)",0.01
18,"range(27, 28)",0.01
18,"range(28, 29)",0.01
18,"range(29, 30)",0.01
18,"range(30, 31)",0.01
18,"range(31, 32)",0.01
18,"range(32, 33)",0.01
18,"range(33, 34)",0.01
18,"range(34, 35)",0.01
18,"range(35, 36)",0.01
18,"range(36, 37)",0.01
18,"range(37, 38)",0.01
18,"range(38, 39)",0.01
18,"range(39, 40)",0.01
18,"range(40, 41)",0.01
18,"range(41, 42)",0.01
18,"range(42, 43)",0.01
18,"range(43, 44)",0.01
18,"range(44, 45)",0.01
18,"range(45, 46)",0.01
18,"range(46, 47)",0.01
18,"range(47, 48)",0.01
18,"range(48, 49)",0.01
18,"range(49, 50)",0.01
18,"range(50, 51)",0.01
18,"range(51, 52)",0.01
18,"range(52, 53)",0.01
18,"range(53, 54)",0.01
18,"range(54, 55)",0.01
18,"range(55, 56)",0.01
18,"range(56, 57)",0.01
18,"range(57, 58)",0.01
18,"range(58, 59)",0.01
18,"range(59, 60)",0.01
18,"range(60, 61)",0.01
19,"range(1, 2)",0.01
19,"range(2, 3)",0.01
19,"range(3, 4)",0.01
19,"range(4, 5)",0.01
19,"range(5, 6)",0.01
19,"range(6, 7)",0.01
19,"range(7, 8)",0.01
19,"range(8, 9)",0.01
19,"range(9, 10)",0.01
19,"range(10, 11)",0.01
19,"range(11, 12)",0.01
19,"range(12, 13)",0.01
19,"range(13, 14)",0.01
19,"range(14, 15)",0.01
19,"range(15, 16)",0.01
19,"range(16, 17)",0.01
19,"range(17, 18)",0.01
19,"range(18, 19)",0.01
19,"range(19, 20)",0.01
19,"range(20, 21)",0.01
19,"range(21, 22)",0.01
19,"range(22, 23)",0.01
19,"range(23, 24)",0.01
19,"range(24, 25)",0.01
19,"range(25, 26)",0.01
19,"range(26, 27)",0.01
19,"range(27, 28)",0.01
19,"range(28, 29)",0.01
19,"range(29, 30)",0.01
19,"range(30, 31)",0.01
19,"range(31, 32)",0.01
19,"range(32, 33)",0.01
19,"range(33, 34)",0.01
19,"range(34, 35)",0.01
19,"range(35, 36)",0.01
19,"range(36, 37)",0.01
19,"range(37, 38)",0.01
19,"range(38, 39)",0.01
19,"range(39, 40)",0.01
19,"range(40, 41)",0.01
19,"range(41, 42)",0.01
19,"range(42, 43)",0.01
19,"range(43, 44)",0.01
19,"range(44, 45)",0.01
19,"range(45, 46)",0.01
19,"range(46, 47)",0.01
19,"range(47, 48)",0.01
19,"range(48, 49)",0.01
19,"range(49, 50)",0.01
19,"range(50, 51)",0.01
19,"range(51, 52)",0.01
19,"range(52, 53)",0.01
19,"range(53, 54)",0.01
19,"range(54, 55)",0.01
19,"range(55, 56)",0.01
19,"range(56, 57)",0.01
19,"range(57, 58)",0.01
19,"range(58, 59)",0.01
19,"range(59, 60)",0.01
19,"range(60, 61)",0.01
20,"range(1, 2)",0.01
20,"range(2, 3)",0.01
20,"range(3, 4)",0.01
20,"range(4, 5)",0.01
20,"range(5, 6)",0.01
20,"range(6, 7)",0.01
20,"range(7, 8)",0.01
20,"range(8, 9)",0.01
20,"range(9, 10)",0.01
20,"range(10, 11)",0.01
20,"range(11, 12)",0.01
20,"range(12, 13)",0.01
20,"range(13, 14)",0.01
20,"range(14, 15)",0.01
20,"range(15, 16)",0.01
20,"range(16, 17)",0.01
20,"range(17, 18)",0.01
20,"range(18, 19)",0.01
20,"range(19, 20)",0.01
20,"range(20, 21)",0.01
20,"range(21, 22)",0.01
20,"range(22, 23)",0.01
20,"range(23, 24)",0.01
20,"range(24, 25)",0.01
20,"range(25, 26)",0.01
20,"range(26, 27)",0.01
20,"range(27, 28)",0.01
20,"range(28, 29)",0.01
20,"range(29, 30)",0.01
20,"range(30, 31)",0.01
20,"range(31, 32)",0.01
20,"range(32, 33)",0.01
20,"range(33, 34)",0.01
20,"range(34, 35)",0.01
20,"range(35, 36)",0.01
20,"range(36, 37)",0.01
20,"range(37, 38)",0.01
20,"range(38, 39)",0.01
20,"range(39, 40)",0.01
20,"range(40, 41)",0.01
20,"range(41, 42)",0.01
20,"range(42, 43)",0.01
20,"range(43, 44)",0.01
20,"range(44, 45)",0.01
20,"range(45, 46)",0.01
20,"range(46, 47)",0.01
20,"range(47, 48)",0.01
20,"range(48, 49)",0.01
20,"range(49, 50)",0.01
20,"range(50, 51)",0.01
20,"range(51, 52)",0.01
20,"range(52, 53)",0.01
20,"range(53, 54)",0.01
20,"range(54, 55)",0.01
20,"range(55, 56)",0.01
20,"range(56, 57)",0.01
20,"range(57, 58)",0.01
20,"range(58, 59)",0.01
20,"range(59, 60)",0.01
20,"range(60, 61)",0.01
21,"range(1, 2)",0.01
21,"range(2, 3)",0.01
21,"range(3, 4)",0.01
21,"range(4, 5)",0.01
21,"range(5, 6)",0.01
21,"range(6, 7)",0.01
21,"range(7, 8)",0.01
21,"range(8, 9)",0.01
21,"range(9, 10)",0.01
21,"range(10, 11)",0.01
21,"range(11, 12)",0.01
21,"range(12, 13)",0.01
21,"range(13, 14)",0.01
21,"range(14, 15)",0.01
21,"range(15, 16)",0.01
21,"range(16, 17)",0.01
21,"range(17, 18)",0.01
21,"range(18, 19)",0.01
21,"range(19, 20)",0.01
21,"range(20, 21)",0.01
21,"range(21, 22)",0.01
21,"range(22, 23)",0.01
21,"range(23, 24)",0.01
21,"range(24, 25)",0.01
21,"range(25, 26)",0.01
21,"range(26, 27)",0.01
21,"range(27, 28)",0.01
21,"range(28, 29)",0.01
21,"range(29, 30)",0.01
21,"range(30, 31)",0.01
21,"range(31, 32)",0.01
21,"range(32, 33)",0.01
21,"range(33, 34)",0.01
21,"range(34, 35)",0.01
21,"range(35, 36)",0.01
21,"range(36, 37)",0.01
21,"range(37, 38)",0.01
21,"range(38, 39)",0.01
21,"range(39, 40)",0.01
21,"range(40, 41)",0.01
21,"range(41, 42)",0.01
21,"range(42, 43)",0.01
21,"range(43, 44)",0.01
21,"range(44, 45)",0.01
21,"range(45, 46)",0.01
21,"range(46, 47)",0.01
21,"range(47, 48)",0.01
21,"range(48, 49)",0.01
21,"range(49, 50)",0.01
21,"range(50, 51)",0.01
21,"range(51, 52)",0.01
21,"range(52, 53)",0.01
21,"range(53, 54)",0.01
21,"range(54, 55)",0.01
21,"range(55, 56)",0.01
21,"range(56, 57)",0.01
21,"range(57, 58)",0.01
21,"range(58, 59)",0.01
21,"range(59, 60)",0.01
21,"range(60, 61)",0.01
22,"range(1, 2)",0.3714285714285714
22,"range(2, 3)",0.3428571428571428
22,"range(3, 4)",0.3
22,"range(4, 5)",0.2142857142857142
22,"range(5, 6)",0.2857142857142857
22,"range(6, 7)",0.01
22,"range(7, 8)",0.01
22,"range(8, 9)",0.6
22,"range(9, 10)",0.3428571428571428
22,"range(10, 11)",0.6285714285714287
22,"range(11, 12)",0.6714285714285714
22,"range(12, 13)",0.5142857142857143
22,"range(13, 14)",0.3
22,"range(14, 15)",0.2428571428571428
22,"range(15, 16)",0.01
22,"range(16, 17)",0.2857142857142857
22,"range(17, 18)",0.01
22,"range(18, 19)",0.01
22,"range(19, 20)",0.01
22,"range(20, 21)",0.01
22,"range(21, 22)",0.01
22,"range(22, 23)",0.01
22,"range(23, 24)",0.01
22,"range(24, 25)",0.01
22,"range(25, 26)",0.01
22,"range(26, 27)",0.01
22,"range(27, 28)",0.01
22,"range(28, 29)",0.01
22,"range(29, 30)",0.01
22,"range(30, 31)",0.01
22,"range(31, 32)",0.01
22,"range(32, 33)",0.01
22,"range(33, 34)",0.01
22,"range(34, 35)",0.01
22,"range(35, 36)",0.01
22,"range(36, 37)",0.01
22,"range(37, 38)",0.01
22,"range(38, 39)",0.01
22,"range(39, 40)",0.01
22,"range(40, 41)",0.01
22,"range(41, 42)",0.01
22,"range(42, 43)",0.01
22,"range(43, 44)",0.01
22,"range(44, 45)",0.01
22,"range(45, 46)",0.01
22,"range(46, 47)",0.01
22,"range(47, 48)",0.01
22,"range(48, 49)",0.01
22,"range(49, 50)",0.01
22,"range(50, 51)",0.01
22,"range(51, 52)",0.01
22,"range(52, 53)",0.01
22,"range(53, 54)",0.01
22,"range(54, 55)",0.01
22,"range(55, 56)",0.01
22,"range(56, 57)",0.01
22,"range(57, 58)",0.01
22,"range(58, 59)",0.01
22,"range(59, 60)",0.01
22,"range(60, 61)",0.01
23,"range(1, 2)",0.0428571428571428
23,"range(2, 3)",1.0
23,"range(3, 4)",1.2571428571428571
23,"range(4, 5)",1.4714285714285715
23,"range(5, 6)",0.7857142857142857
23,"range(6, 7)",0.8428571428571429
23,"range(7, 8)",0.8714285714285713
23,"range(8, 9)",1.2428571428571429
23,"range(9, 10)",0.8571428571428571
23,"range(10, 11)",1.0714285714285714
23,"range(11, 12)",1.1
23,"range(12, 13)",0.7000000000000001
23,"range(13, 14)",0.6571428571428571
23,"range(14, 15)",0.3857142857142857
23,"range(15, 16)",0.4142857142857142
23,"range(16, 17)",0.4285714285714285
23,"range(17, 18)",0.3857142857142857
23,"range(18, 19)",0.01
23,"range(19, 20)",0.01
23,"range(20, 21)",0.4714285714285714
23,"range(21, 22)",0.4428571428571429
23,"range(22, 23)",0.5142857142857143
23,"range(23, 24)",0.6142857142857144
23,"range(24, 25)",0.4571428571428572
23,"range(25, 26)",1.4285714285714286
23,"range(26, 27)",1.4142857142857144
23,"range(27, 28)",1.4142857142857144
23,"range(28, 29)",1.4
23,"range(29, 30)",1.3571428571428572
23,"range(30, 31)",1.3714285714285714
23,"range(31, 32)",1.3714285714285714
23,"range(32, 33)",0.4142857142857142
23,"range(33, 34)",0.7428571428571429
23,"range(34, 35)",0.7428571428571429
23,"range(35, 36)",0.7000000000000001
23,"range(36, 37)",0.7571428571428571
23,"range(37, 38)",0.7285714285714285
23,"range(38, 39)",0.3285714285714285
23,"range(39, 40)",0.3142857142857143
23,"range(40, 41)",0.2857142857142857
23,"range(41, 42)",0.3142857142857143
23,"range(42, 43)",0.3
23,"range(43, 44)",0.01
23,"range(44, 45)",0.01
23,"range(45, 46)",0.01
23,"range(46, 47)",0.01
23,"range(47, 48)",0.4571428571428572
23,"range(48, 49)",0.4428571428571429
23,"range(49, 50)",0.4571428571428572
23,"range(50, 51)",0.4428571428571429
23,"range(51, 52)",0.8571428571428571
23,"range(52, 53)",0.8428571428571429
23,"range(53, 54)",0.8571428571428571
23,"range(54, 55)",0.1857142857142857
23,"range(55, 56)",0.5428571428571428
23,"range(56, 57)",0.4428571428571429
23,"range(57, 58)",0.4142857142857142
23,"range(58, 59)",0.4142857142857142
23,"range(59, 60)",0.4142857142857142
23,"range(60, 61)",0.4142857142857142
24,"range(1, 2)",0.01
24,"range(2, 3)",0.01
24,"range(3, 4)",0.01
24,"range(4, 5)",0.01
24,"range(5, 6)",0.01
24,"range(6, 7)",0.01
24,"range(7, 8)",0.01
24,"range(8, 9)",0.01
24,"range(9, 10)",0.01
24,"range(10, 11)",0.01
24,"range(11, 12)",0.01
24,"range(12, 13)",0.01
24,"range(13, 14)",0.01
24,"range(14, 15)",0.01
24,"range(15, 16)",0.01
24,"range(16, 17)",0.01
24,"range(17, 18)",0.01
24,"range(18, 19)",0.7428571428571429
24,"range(19, 20)",0.01
24,"range(20, 21)",0.01
24,"range(21, 22)",1.1142857142857143
24,"range(22, 23)",0.5714285714285714
24,"range(23, 24)",0.4285714285714285
24,"range(24, 25)",0.2428571428571428
24,"range(25, 26)",1.0571428571428572
24,"range(26, 27)",0.2142857142857142
24,"range(27, 28)",0.8571428571428571
24,"range(28, 29)",0.8857142857142858
24,"range(29, 30)",0.9
24,"range(30, 31)",0.9
24,"range(31, 32)",0.9
24,"range(32, 33)",0.9285714285714286
24,"range(33, 34)",0.9
24,"range(34, 35)",0.01
24,"range(35, 36)",0.01
24,"range(36, 37)",0.01
24,"range(37, 38)",0.01
24,"range(38, 39)",0.01
24,"range(39, 40)",0.01
24,"range(40, 41)",0.01
24,"range(41, 42)",0.01
24,"range(42, 43)",0.01
24,"range(43, 44)",0.01
24,"range(44, 45)",0.01
24,"range(45, 46)",0.01
24,"range(46, 47)",0.01
24,"range(47, 48)",0.01
24,"range(48, 49)",0.01
24,"range(49, 50)",0.01
24,"range(50, 51)",0.01
24,"range(51, 52)",0.01
24,"range(52, 53)",0.01
24,"range(53, 54)",0.01
24,"range(54, 55)",0.01
24,"range(55, 56)",0.01
24,"range(56, 57)",0.01
24,"range(57, 58)",0.01
24,"range(58, 59)",0.01
24,"range(59, 60)",0.01
24,"range(60, 61)",0.01
25,"range(1, 2)",1.1714285714285713
25,"range(2, 3)",0.01
25,"range(3, 4)",0.01
25,"range(4, 5)",0.01
25,"range(5, 6)",0.01
25,"range(6, 7)",0.01
25,"range(7, 8)",0.01
25,"range(8, 9)",0.01
25,"range(9, 10)",0.01
25,"range(10, 11)",0.01
25,"range(11, 12)",0.01
25,"range(12, 13)",0.01
25,"range(13, 14)",0.01
25,"range(14, 15)",0.01
25,"range(15, 16)",0.01
25,"range(16, 17)",0.01
25,"range(17, 18)",0.01
25,"range(18, 19)",0.01
25,"range(19, 20)",0.01
25,"range(20, 21)",0.01
25,"range(21, 22)",0.01
25,"range(22, 23)",0.01
25,"range(23, 24)",0.01
25,"range(24, 25)",0.01
25,"range(25, 26)",0.01
25,"range(26, 27)",0.01
25,"range(27, 28)",0.01
25,"range(28, 29)",0.01
25,"range(29, 30)",0.01
25,"range(30, 31)",0.01
25,"range(31, 32)",0.01
25,"range(32, 33)",0.9571428571428572
25,"range(33, 34)",1.0
25,"range(34, 35)",1.0285714285714287
25,"range(35, 36)",1.0
25,"range(36, 37)",1.0285714285714287
25,"range(37, 38)",0.01
25,"range(38, 39)",0.01
25,"range(39, 40)",0.01
25,"range(40, 41)",0.01
25,"range(41, 42)",0.01
25,"range(42, 43)",0.01
25,"range(43, 44)",0.01
25,"range(44, 45)",0.01
25,"range(45, 46)",0.01
25,"range(46, 47)",0.01
25,"range(47, 48)",0.01
25,"range(48, 49)",0.01
25,"range(49, 50)",0.01
25,"range(50, 51)",0.01
25,"range(51, 52)",0.01
25,"range(52, 53)",0.01
25,"range(53, 54)",0.2428571428571428
25,"range(54, 55)",0.4714285714285714
25,"range(55, 56)",0.4714285714285714
25,"range(56, 57)",0.5
25,"range(57, 58)",0.4857142857142857
25,"range(58, 59)",0.4714285714285714
25,"range(59, 60)",0.4428571428571429
25,"range(60, 61)",0.4571428571428572
26,"range(1, 2)",0.3285714285714285
26,"range(2, 3)",0.2857142857142857
26,"range(3, 4)",0.3142857142857143
26,"range(4, 5)",0.3
26,"range(5, 6)",0.3285714285714285
26,"range(6, 7)",0.3428571428571428
26,"range(7, 8)",0.3714285714285714
26,"range(8, 9)",0.01
26,"range(9, 10)",0.01
26,"range(10, 11)",0.01
26,"range(11, 12)",0.01
26,"range(12, 13)",0.01
26,"range(13, 14)",0.01
26,"range(14, 15)",0.01
26,"range(15, 16)",0.01
26,"range(16, 17)",0.01
26,"range(17, 18)",0.01
26,"range(18, 19)",0.01
26,"range(19, 20)",0.01
26,"range(20, 21)",0.01
26,"range(21, 22)",0.01
26,"range(22, 23)",0.01
26,"range(23, 24)",0.01
26,"range(24, 25)",0.01
26,"range(25, 26)",0.01
26,"range(26, 27)",0.01
26,"range(27, 28)",0.01
26,"range(28, 29)",0.01
26,"range(29, 30)",0.01
26,"range(30, 31)",0.01
26,"range(31, 32)",0.01
26,"range(32, 33)",0.01
26,"range(33, 34)",0.01
26,"range(34, 35)",0.01
26,"range(35, 36)",0.01
26,"range(36, 37)",0.01
26,"range(37, 38)",0.01
26,"range(38, 39)",0.01
26,"range(39, 40)",0.01
26,"range(40, 41)",0.01
26,"range(41, 42)",0.01
26,"range(42, 43)",0.01
26,"range(43, 44)",0.01
26,"range(44, 45)",0.01
26,"range(45, 46)",0.01
26,"range(46, 47)",0.01
26,"range(47, 48)",0.01
26,"range(48, 49)",0.01
26,"range(49, 50)",0.01
26,"range(50, 51)",0.01
26,"range(51, 52)",0.01
26,"range(52, 53)",0.01
26,"range(53, 54)",0.01
26,"range(54, 55)",0.01
26,"range(55, 56)",0.01
26,"range(56, 57)",0.01
26,"range(57, 58)",0.01
26,"range(58, 59)",0.01
26,"range(59, 60)",0.01
26,"range(60, 61)",0.01
27,"range(1, 2)",0.3857142857142857
27,"range(2, 3)",0.01
27,"range(3, 4)",0.3428571428571428
27,"range(4, 5)",0.3428571428571428
27,"range(5, 6)",0.3428571428571428
27,"range(6, 7)",0.3285714285714285
27,"range(7, 8)",0.3285714285714285
27,"range(8, 9)",0.3285714285714285
27,"range(9, 10)",0.3571428571428571
27,"range(10, 11)",0.3857142857142857
27,"range(11, 12)",0.4142857142857142
27,"range(12, 13)",0.01
27,"range(13, 14)",0.01
27,"range(14, 15)",0.01
27,"range(15, 16)",0.01
27,"range(16, 17)",0.01
27,"range(17, 18)",0.01
27,"range(18, 19)",0.01
27,"range(19, 20)",0.01
27,"range(20, 21)",0.01
27,"range(21, 22)",0.01
27,"range(22, 23)",0.01
27,"range(23, 24)",0.01
27,"range(24, 25)",0.01
27,"range(25, 26)",0.01
27,"range(26, 27)",0.01
27,"range(27, 28)",0.01
27,"range(28, 29)",0.01
27,"range(29, 30)",0.01
27,"range(30, 31)",0.01
27,"range(31, 32)",0.01
27,"range(32, 33)",0.01
27,"range(33, 34)",0.01
27,"range(34, 35)",0.01
27,"range(35, 36)",0.01
27,"range(36, 37)",0.01
27,"range(37, 38)",0.01
27,"range(38, 39)",0.01
27,"range(39, 40)",0.01
27,"range(40, 41)",0.01
27,"range(41, 42)",0.01
27,"range(42, 43)",0.01
27,"range(43, 44)",0.01
27,"range(44, 45)",0.01
27,"range(45, 46)",0.01
27,"range(46, 47)",0.01
27,"range(47, 48)",0.01
27,"range(48, 49)",0.01
27,"range(49, 50)",0.01
27,"range(50, 51)",0.01
27,"range(51, 52)",0.01
27,"range(52, 53)",0.01
27,"range(53, 54)",0.01
27,"range(54, 55)",0.01
27,"range(55, 56)",0.01
27,"range(56, 57)",0.01
27,"range(57, 58)",0.01
27,"range(58, 59)",0.01
27,"range(59, 60)",0.01
27,"range(60, 61)",0.01
28,"range(1, 2)",0.01
28,"range(2, 3)",0.01
28,"range(3, 4)",0.01
28,"range(4, 5)",0.01
28,"range(5, 6)",0.01
28,"range(6, 7)",0.01
28,"range(7, 8)",0.01
28,"range(8, 9)",0.01
28,"range(9, 10)",0.01
28,"range(10, 11)",0.01
28,"range(11, 12)",0.01
28,"range(12, 13)",0.01
28,"range(13, 14)",0.01
28,"range(14, 15)",0.01
28,"range(15, 16)",0.01
28,"range(16, 17)",0.01
28,"range(17, 18)",0.3285714285714285
28,"range(18, 19)",0.01
28,"range(19, 20)",0.01
28,"range(20, 21)",0.01
28,"range(21, 22)",0.01
28,"range(22, 23)",0.01
28,"range(23, 24)",0.01
28,"range(24, 25)",0.01
28,"range(25, 26)",0.01
28,"range(26, 27)",0.01
28,"range(27, 28)",0.01
28,"range(28, 29)",0.01
28,"range(29, 30)",0.01
28,"range(30, 31)",0.01
28,"range(31, 32)",0.01
28,"range(32, 33)",0.01
28,"range(33, 34)",0.01
28,"range(34, 35)",0.01
28,"range(35, 36)",0.01
28,"range(36, 37)",0.01
28,"range(37, 38)",0.01
28,"range(38, 39)",0.01
28,"range(39, 40)",0.01
28,"range(40, 41)",0.01
28,"range(41, 42)",0.01
28,"range(42, 43)",0.01
28,"range(43, 44)",0.01
28,"range(44, 45)",0.01
28,"range(45, 46)",0.01
28,"range(46, 47)",0.01
28,"range(47, 48)",0.01
28,"range(48, 49)",0.01
28,"range(49, 50)",0.01
28,"range(50, 51)",0.01
28,"range(51, 52)",0.01
28,"range(52, 53)",0.01
28,"range(53, 54)",0.01
28,"range(54, 55)",0.01
28,"range(55, 56)",0.01
28,"range(56, 57)",0.01
28,"range(57, 58)",0.01
28,"range(58, 59)",0.01
28,"range(59, 60)",0.01
28,"range(60, 61)",0.01
29,"range(1, 2)",0.01
29,"range(2, 3)",0.01
29,"range(3, 4)",0.01
29,"range(4, 5)",0.01
29,"range(5, 6)",0.01
29,"range(6, 7)",0.01
29,"range(7, 8)",0.01
29,"range(8, 9)",0.01
29,"range(9, 10)",0.01
29,"range(10, 11)",0.01
29,"range(11, 12)",0.01
29,"range(12, 13)",0.01
29,"range(13, 14)",0.01
29,"range(14, 15)",0.01
29,"range(15, 16)",0.01
29,"range(16, 17)",0.01
29,"range(17, 18)",1.842857142857143
29,"range(18, 19)",1.842857142857143
29,"range(19, 20)",0.01
29,"range(20, 21)",0.01
29,"range(21, 22)",0.01
29,"range(22, 23)",0.01
29,"range(23, 24)",0.01
29,"range(24, 25)",0.01
29,"range(25, 26)",0.01
29,"range(26, 27)",0.01
29,"range(27, 28)",0.01
29,"range(28, 29)",0.01
29,"range(29, 30)",0.01
29,"range(30, 31)",0.01
29,"range(31, 32)",0.01
29,"range(32, 33)",0.01
29,"range(33, 34)",0.01
29,"range(34, 35)",0.01
29,"range(35, 36)",0.01
29,"range(36, 37)",0.01
29,"range(37, 38)",0.01
29,"range(38, 39)",0.01
29,"range(39, 40)",0.01
29,"range(40, 41)",0.01
29,"range(41, 42)",0.01
29,"range(42, 43)",0.01
29,"range(43, 44)",0.01
29,"range(44, 45)",0.01
29,"range(45, 46)",0.01
29,"range(46, 47)",0.01
29,"range(47, 48)",0.01
29,"range(48, 49)",1.4857142857142858
29,"range(49, 50)",3.2
29,"range(50, 51)",3.2
29,"range(51, 52)",0.01
29,"range(52, 53)",0.01
29,"range(53, 54)",0.01
29,"range(54, 55)",0.01
29,"range(55, 56)",0.01
29,"range(56, 57)",0.01
29,"range(57, 58)",0.01
29,"range(58, 59)",0.01
29,"range(59, 60)",0.01
29,"range(60, 61)",0.01
30,"range(1, 2)",0.0285714285714285
30,"range(2, 3)",0.0142857142857142
30,"range(3, 4)",0.01
30,"range(4, 5)",0.0285714285714285
30,"range(5, 6)",0.0571428571428571
30,"range(6, 7)",0.01
30,"range(7, 8)",0.0142857142857142
30,"range(8, 9)",0.01
30,"range(9, 10)",0.01
30,"range(10, 11)",0.0142857142857142
30,"range(11, 12)",0.01
30,"range(12, 13)",0.01
30,"range(13, 14)",0.01
30,"range(14, 15)",0.01
30,"range(15, 16)",0.01
30,"range(16, 17)",0.0142857142857142
30,"range(17, 18)",0.01
30,"range(18, 19)",0.0142857142857142
30,"range(19, 20)",0.01
30,"range(20, 21)",0.0142857142857142
30,"range(21, 22)",0.01
30,"range(22, 23)",0.0142857142857142
30,"range(23, 24)",0.0142857142857142
30,"range(24, 25)",0.0142857142857142
30,"range(25, 26)",0.01
30,"range(26, 27)",0.0285714285714285
30,"range(27, 28)",0.0142857142857142
30,"range(28, 29)",0.0142857142857142
30,"range(29, 30)",0.0142857142857142
30,"range(30, 31)",0.0285714285714285
30,"range(31, 32)",0.0285714285714285
30,"range(32, 33)",0.0285714285714285
30,"range(33, 34)",0.0285714285714285
30,"range(34, 35)",0.0428571428571428
30,"range(35, 36)",0.0142857142857142
30,"range(36, 37)",0.0571428571428571
30,"range(37, 38)",0.0142857142857142
30,"range(38, 39)",0.0285714285714285
30,"range(39, 40)",0.0285714285714285
30,"range(40, 41)",0.0142857142857142
30,"range(41, 42)",0.0285714285714285
30,"range(42, 43)",0.0428571428571428
30,"range(43, 44)",0.0428571428571428
30,"range(44, 45)",0.0285714285714285
30,"range(45, 46)",0.0285714285714285
30,"range(46, 47)",0.0285714285714285
30,"range(47, 48)",0.0428571428571428
30,"range(48, 49)",0.0142857142857142
30,"range(49, 50)",0.0285714285714285
30,"range(50, 51)",0.0142857142857142
30,"range(51, 52)",0.9714285714285714
30,"range(52, 53)",0.9142857142857144
30,"range(53, 54)",0.7428571428571429
30,"range(54, 55)",0.5857142857142857
30,"range(55, 56)",0.3285714285714286
30,"range(56, 57)",0.2428571428571428
30,"range(57, 58)",0.2428571428571428
30,"range(58, 59)",0.2571428571428572
30,"range(59, 60)",1.0142857142857142
30,"range(60, 61)",1.2571428571428571
31,"range(1, 2)",0.01
31,"range(2, 3)",0.01
31,"range(3, 4)",0.01
31,"range(4, 5)",0.01
31,"range(5, 6)",0.01
31,"range(6, 7)",0.01
31,"range(7, 8)",0.01
31,"range(8, 9)",0.01
31,"range(9, 10)",0.01
31,"range(10, 11)",0.01
31,"range(11, 12)",0.01
31,"range(12, 13)",0.01
31,"range(13, 14)",0.01
31,"range(14, 15)",0.01
31,"range(15, 16)",0.01
31,"range(16, 17)",0.01
31,"range(17, 18)",0.01
31,"range(18, 19)",0.01
31,"range(19, 20)",0.01
31,"range(20, 21)",0.01
31,"range(21, 22)",0.01
31,"range(22, 23)",0.01
31,"range(23, 24)",0.01
31,"range(24, 25)",0.01
31,"range(25, 26)",0.01
31,"range(26, 27)",0.01
31,"range(27, 28)",0.01
31,"range(28, 29)",0.01
31,"range(29, 30)",0.01
31,"range(30, 31)",0.01
31,"range(31, 32)",0.01
31,"range(32, 33)",0.01
31,"range(33, 34)",0.01
31,"range(34, 35)",0.01
31,"range(35, 36)",0.01
31,"range(36, 37)",0.01
31,"range(37, 38)",0.01
31,"range(38, 39)",0.01
31,"range(39, 40)",0.01
31,"range(40, 41)",0.01
31,"range(41, 42)",0.01
31,"range(42, 43)",0.01
31,"range(43, 44)",0.01
31,"range(44, 45)",1.4857142857142858
31,"range(45, 46)",1.4857142857142858
31,"range(46, 47)",1.4857142857142858
31,"range(47, 48)",1.4857142857142858
31,"range(48, 49)",0.01
31,"range(49, 50)",0.01
31,"range(50, 51)",0.01
31,"range(51, 52)",0.01
31,"range(52, 53)",0.01
31,"range(53, 54)",0.01
31,"range(54, 55)",0.01
31,"range(55, 56)",0.01
31,"range(56, 57)",0.01
31,"range(57, 58)",0.01
31,"range(58, 59)",0.01
31,"range(59, 60)",0.01
31,"range(60, 61)",0.01
32,"range(1, 2)",0.01
32,"range(2, 3)",0.01
32,"range(3, 4)",0.01
32,"range(4, 5)",0.01
32,"range(5, 6)",0.01
32,"range(6, 7)",0.01
32,"range(7, 8)",0.01
32,"range(8, 9)",0.01
32,"range(9, 10)",0.01
32,"range(10, 11)",0.01
32,"range(11, 12)",0.01
32,"range(12, 13)",0.01
32,"range(13, 14)",0.01
32,"range(14, 15)",0.01
32,"range(15, 16)",0.01
32,"range(16, 17)",0.01
32,"range(17, 18)",0.01
32,"range(18, 19)",0.01
32,"range(19, 20)",0.01
32,"range(20, 21)",0.01
32,"range(21, 22)",0.01
32,"range(22, 23)",0.01
32,"range(23, 24)",0.01
32,"range(24, 25)",0.01
32,"range(25, 26)",0.01
32,"range(26, 27)",0.01
32,"range(27, 28)",0.01
32,"range(28, 29)",0.01
32,"range(29, 30)",0.01
32,"range(30, 31)",0.01
32,"range(31, 32)",0.01
32,"range(32, 33)",0.01
32,"range(33, 34)",0.01
32,"range(34, 35)",0.01
32,"range(35, 36)",0.01
32,"range(36, 37)",0.01
32,"range(37, 38)",0.01
32,"range(38, 39)",0.01
32,"range(39, 40)",0.01
32,"range(40, 41)",0.01
32,"range(41, 42)",0.01
32,"range(42, 43)",0.01
32,"range(43, 44)",0.01
32,"range(44, 45)",0.01
32,"range(45, 46)",0.01
32,"range(46, 47)",0.01
32,"range(47, 48)",0.01
32,"range(48, 49)",0.01
32,"range(49, 50)",0.01
32,"range(50, 51)",0.01
32,"range(51, 52)",0.01
32,"range(52, 53)",0.01
32,"range(53, 54)",0.01
32,"range(54, 55)",0.01
32,"range(55, 56)",0.01
32,"range(56, 57)",0.01
32,"range(57, 58)",0.01
32,"range(58, 59)",0.01
32,"range(59, 60)",0.01
32,"range(60, 61)",0.01
33,"range(1, 2)",0.01
33,"range(2, 3)",0.01
33,"range(3, 4)",0.01
33,"range(4, 5)",0.01
33,"range(5, 6)",0.01
33,"range(6, 7)",0.01
33,"range(7, 8)",0.01
33,"range(8, 9)",0.01
33,"range(9, 10)",0.01
33,"range(10, 11)",0.01
33,"range(11, 12)",0.01
33,"range(12, 13)",0.01
33,"range(13, 14)",3.3428571428571425
33,"range(14, 15)",3.3857142857142857
33,"range(15, 16)",0.01
33,"range(16, 17)",0.01
33,"range(17, 18)",0.01
33,"range(18, 19)",0.01
33,"range(19, 20)",0.01
33,"range(20, 21)",0.01
33,"range(21, 22)",0.01
33,"range(22, 23)",0.01
33,"range(23, 24)",0.01
33,"range(24, 25)",0.01
33,"range(25, 26)",0.01
33,"range(26, 27)",0.01
33,"range(27, 28)",0.01
33,"range(28, 29)",0.01
33,"range(29, 30)",1.5857142857142856
33,"range(30, 31)",1.5857142857142856
33,"range(31, 32)",0.01
33,"range(32, 33)",0.01
33,"range(33, 34)",0.01
33,"range(34, 35)",0.01
33,"range(35, 36)",0.01
33,"range(36, 37)",0.01
33,"range(37, 38)",0.01
33,"range(38, 39)",0.01
33,"range(39, 40)",0.01
33,"range(40, 41)",0.01
33,"range(41, 42)",0.01
33,"range(42, 43)",0.01
33,"range(43, 44)",0.01
33,"range(44, 45)",0.01
33,"range(45, 46)",0.01
33,"range(46, 47)",0.01
33,"range(47, 48)",0.01
33,"range(48, 49)",0.01
33,"range(49, 50)",0.01
33,"range(50, 51)",0.01
33,"range(51, 52)",1.7
33,"range(52, 53)",0.01
33,"range(53, 54)",0.01
33,"range(54, 55)",0.01
33,"range(55, 56)",0.01
33,"range(56, 57)",0.01
33,"range(57, 58)",0.01
33,"range(58, 59)",0.01
33,"range(59, 60)",0.01
33,"range(60, 61)",0.01
34,"range(1, 2)",0.0428571428571428
34,"range(2, 3)",0.0571428571428571
34,"range(3, 4)",0.0142857142857142
34,"range(4, 5)",0.0428571428571428
34,"range(5, 6)",0.0285714285714285
34,"range(6, 7)",0.0285714285714285
34,"range(7, 8)",0.0428571428571428
34,"range(8, 9)",0.0142857142857142
34,"range(9, 10)",0.0142857142857142
34,"range(10, 11)",0.0285714285714285
34,"range(11, 12)",3.3857142857142857
34,"range(12, 13)",3.3
34,"range(13, 14)",0.0142857142857142
34,"range(14, 15)",1.914285714285714
34,"range(15, 16)",1.9
34,"range(16, 17)",1.8857142857142857
34,"range(17, 18)",0.0428571428571428
34,"range(18, 19)",0.01
34,"range(19, 20)",0.0142857142857142
34,"range(20, 21)",0.0285714285714285
34,"range(21, 22)",0.0285714285714285
34,"range(22, 23)",0.0285714285714285
34,"range(23, 24)",0.0142857142857142
34,"range(24, 25)",0.0285714285714285
34,"range(25, 26)",1.6428571428571428
34,"range(26, 27)",1.6428571428571426
34,"range(27, 28)",1.6
34,"range(28, 29)",1.6285714285714283
34,"range(29, 30)",0.0428571428571428
34,"range(30, 31)",0.0428571428571428
34,"range(31, 32)",0.0142857142857142
34,"range(32, 33)",0.0571428571428571
34,"range(33, 34)",0.0714285714285714
34,"range(34, 35)",0.1
34,"range(35, 36)",0.0714285714285714
34,"range(36, 37)",0.0714285714285714
34,"range(37, 38)",0.0571428571428571
34,"range(38, 39)",0.0571428571428571
34,"range(39, 40)",0.0571428571428571
34,"range(40, 41)",0.0142857142857142
34,"range(41, 42)",0.0571428571428571
34,"range(42, 43)",0.0285714285714285
34,"range(43, 44)",0.0428571428571428
34,"range(44, 45)",0.0142857142857142
34,"range(45, 46)",0.0428571428571428
34,"range(46, 47)",1.7142857142857142
34,"range(47, 48)",1.8
34,"range(48, 49)",1.7571428571428571
34,"range(49, 50)",0.0714285714285714
34,"range(50, 51)",0.0428571428571428
34,"range(51, 52)",0.01
34,"range(52, 53)",0.0428571428571428
34,"range(53, 54)",0.0285714285714285
34,"range(54, 55)",0.0142857142857142
34,"range(55, 56)",0.0428571428571428
34,"range(56, 57)",0.0285714285714285
34,"range(57, 58)",0.0571428571428571
34,"range(58, 59)",0.0142857142857142
34,"range(59, 60)",0.0285714285714285
34,"range(60, 61)",0.0285714285714285
35,"range(1, 2)",0.01
35,"range(2, 3)",0.01
35,"range(3, 4)",0.01
35,"range(4, 5)",0.01
35,"range(5, 6)",0.01
35,"range(6, 7)",0.01
35,"range(7, 8)",0.01
35,"range(8, 9)",0.01
35,"range(9, 10)",0.01
35,"range(10, 11)",0.01
35,"range(11, 12)",0.01
35,"range(12, 13)",0.01
35,"range(13, 14)",0.01
35,"range(14, 15)",0.01
35,"range(15, 16)",0.01
35,"range(16, 17)",0.01
35,"range(17, 18)",0.01
35,"range(18, 19)",0.01
35,"range(19, 20)",1.842857142857143
35,"range(20, 21)",1.842857142857143
35,"range(21, 22)",1.8142857142857145
35,"range(22, 23)",1.8142857142857145
35,"range(23, 24)",0.01
35,"range(24, 25)",0.01
35,"range(25, 26)",0.01
35,"range(26, 27)",0.01
35,"range(27, 28)",0.01
35,"range(28, 29)",0.01
35,"range(29, 30)",0.01
35,"range(30, 31)",0.01
35,"range(31, 32)",1.4857142857142858
35,"range(32, 33)",1.5
35,"range(33, 34)",1.5142857142857142
35,"range(34, 35)",1.5285714285714285
35,"range(35, 36)",0.01
35,"range(36, 37)",0.01
35,"range(37, 38)",0.01
35,"range(38, 39)",0.01
35,"range(39, 40)",0.01
35,"range(40, 41)",0.01
35,"range(41, 42)",0.01
35,"range(42, 43)",0.01
35,"range(43, 44)",0.01
35,"range(44, 45)",0.01
35,"range(45, 46)",0.01
35,"range(46, 47)",0.01
35,"range(47, 48)",0.01
35,"range(48, 49)",0.01
35,"range(49, 50)",0.01
35,"range(50, 51)",0.01
35,"range(51, 52)",0.01
35,"range(52, 53)",1.7
35,"range(53, 54)",1.6857142857142855
35,"range(54, 55)",1.6857142857142855
35,"range(55, 56)",1.6857142857142855
35,"range(56, 57)",0.01
35,"range(57, 58)",0.01
35,"range(58, 59)",0.01
35,"range(59, 60)",0.01
35,"range(60, 61)",0.01
36,"range(1, 2)",0.01
36,"range(2, 3)",0.01
36,"range(3, 4)",0.01
36,"range(4, 5)",0.01
36,"range(5, 6)",0.01
36,"range(6, 7)",0.01
36,"range(7, 8)",0.01
36,"range(8, 9)",0.01
36,"range(9, 10)",0.01
36,"range(10, 11)",0.01
36,"range(11, 12)",0.01
36,"range(12, 13)",0.01
36,"range(13, 14)",0.01
36,"range(14, 15)",0.01
36,"range(15, 16)",0.01
36,"range(16, 17)",0.01
36,"range(17, 18)",0.01
36,"range(18, 19)",0.01
36,"range(19, 20)",0.01
36,"range(20, 21)",0.01
36,"range(21, 22)",0.01
36,"range(22, 23)",0.01
36,"range(23, 24)",0.01
36,"range(24, 25)",0.01
36,"range(25, 26)",0.01
36,"range(26, 27)",0.01
36,"range(27, 28)",0.01
36,"range(28, 29)",0.01
36,"range(29, 30)",0.01
36,"range(30, 31)",0.01
36,"range(31, 32)",0.01
36,"range(32, 33)",0.01
36,"range(33, 34)",0.01
36,"range(34, 35)",0.01
36,"range(35, 36)",0.01
36,"range(36, 37)",0.01
36,"range(37, 38)",0.01
36,"range(38, 39)",0.01
36,"range(39, 40)",0.01
36,"range(40, 41)",0.01
36,"range(41, 42)",0.01
36,"range(42, 43)",0.01
36,"range(43, 44)",0.01
36,"range(44, 45)",0.01
36,"range(45, 46)",0.01
36,"range(46, 47)",0.01
36,"range(47, 48)",0.01
36,"range(48, 49)",0.01
36,"range(49, 50)",0.01
36,"range(50, 51)",0.01
36,"range(51, 52)",0.01
36,"range(52, 53)",0.01
36,"range(53, 54)",0.01
36,"range(54, 55)",0.01
36,"range(55, 56)",0.01
36,"range(56, 57)",0.01
36,"range(57, 58)",0.01
36,"range(58, 59)",0.01
36,"range(59, 60)",0.01
36,"range(60, 61)",0.01
37,"range(1, 2)",0.01
37,"range(2, 3)",0.01
37,"range(3, 4)",0.01
37,"range(4, 5)",0.01
37,"range(5, 6)",0.01
37,"range(6, 7)",0.01
37,"range(7, 8)",0.01
37,"range(8, 9)",0.01
37,"range(9, 10)",0.01
37,"range(10, 11)",0.01
37,"range(11, 12)",0.01
37,"range(12, 13)",0.01
37,"range(13, 14)",0.01
37,"range(14, 15)",0.01
37,"range(15, 16)",0.01
37,"range(16, 17)",0.01
37,"range(17, 18)",0.01
37,"range(18, 19)",0.01
37,"range(19, 20)",0.01
37,"range(20, 21)",0.01
37,"range(21, 22)",0.01
37,"range(22, 23)",0.01
37,"range(23, 24)",0.01
37,"range(24, 25)",0.01
37,"range(25, 26)",0.01
37,"range(26, 27)",0.01
37,"range(27, 28)",0.01
37,"range(28, 29)",0.01
37,"range(29, 30)",0.01
37,"range(30, 31)",0.01
37,"range(31, 32)",0.01
37,"range(32, 33)",0.01
37,"range(33, 34)",0.01
37,"range(34, 35)",0.01
37,"range(35, 36)",0.01
37,"range(36, 37)",0.01
37,"range(37, 38)",0.01
37,"range(38, 39)",0.01
37,"range(39, 40)",0.01
37,"range(40, 41)",0.01
37,"range(41, 42)",0.01
37,"range(42, 43)",0.01
37,"range(43, 44)",0.01
37,"range(44, 45)",0.01
37,"range(45, 46)",0.01
37,"range(46, 47)",0.01
37,"range(47, 48)",0.01
37,"range(48, 49)",0.01
37,"range(49, 50)",0.01
37,"range(50, 51)",0.01
37,"range(51, 52)",0.01
37,"range(52, 53)",0.01
37,"range(53, 54)",0.01
37,"range(54, 55)",0.01
37,"range(55, 56)",0.01
37,"range(56, 57)",0.01
37,"range(57, 58)",0.01
37,"range(58, 59)",0.01
37,"range(59, 60)",0.01
37,"range(60, 61)",0.01
38,"range(1, 2)",0.01
38,"range(2, 3)",0.01
38,"range(3, 4)",0.01
38,"range(4, 5)",0.01
38,"range(5, 6)",0.01
38,"range(6, 7)",0.01
38,"range(7, 8)",0.01
38,"range(8, 9)",0.01
38,"range(9, 10)",0.01
38,"range(10, 11)",0.01
38,"range(11, 12)",0.01
38,"range(12, 13)",0.01
38,"range(13, 14)",0.01
38,"range(14, 15)",0.01
38,"range(15, 16)",0.01
38,"range(16, 17)",0.01
38,"range(17, 18)",0.01
38,"range(18, 19)",0.01
38,"range(19, 20)",0.01
38,"range(20, 21)",0.01
38,"range(21, 22)",0.01
38,"range(22, 23)",0.01
38,"range(23, 24)",0.01
38,"range(24, 25)",0.01
38,"range(25, 26)",0.01
38,"range(26, 27)",0.01
38,"range(27, 28)",0.01
38,"range(28, 29)",0.01
38,"range(29, 30)",0.01
38,"range(30, 31)",0.01
38,"range(31, 32)",0.01
38,"range(32, 33)",0.01
38,"range(33, 34)",0.01
38,"range(34, 35)",0.01
38,"range(35, 36)",0.01
38,"range(36, 37)",0.01
38,"range(37, 38)",0.01
38,"range(38, 39)",0.01
38,"range(39, 40)",0.01
38,"range(40, 41)",0.01
38,"range(41, 42)",0.01
38,"range(42, 43)",0.01
38,"range(43, 44)",0.01
38,"range(44, 45)",0.01
38,"range(45, 46)",0.01
38,"range(46, 47)",0.01
38,"range(47, 48)",0.01
38,"range(48, 49)",0.01
38,"range(49, 50)",0.01
38,"range(50, 51)",0.01
38,"range(51, 52)",0.01
38,"range(52, 53)",0.01
38,"range(53, 54)",0.01
38,"range(54, 55)",0.01
38,"range(55, 56)",0.01
38,"range(56, 57)",0.01
38,"range(57, 58)",0.01
38,"range(58, 59)",0.01
38,"range(59, 60)",0.01
38,"range(60, 61)",0.01
39,"range(1, 2)",0.01
39,"range(2, 3)",0.01
39,"range(3, 4)",0.01
39,"range(4, 5)",0.01
39,"range(5, 6)",0.01
39,"range(6, 7)",0.01
39,"range(7, 8)",0.01
39,"range(8, 9)",0.01
39,"range(9, 10)",0.01
39,"range(10, 11)",0.01
39,"range(11, 12)",0.01
39,"range(12, 13)",0.01
39,"range(13, 14)",0.01
39,"range(14, 15)",0.01
39,"range(15, 16)",0.01
39,"range(16, 17)",0.01
39,"range(17, 18)",0.01
39,"range(18, 19)",0.01
39,"range(19, 20)",0.01
39,"range(20, 21)",0.01
39,"range(21, 22)",0.01
39,"range(22, 23)",0.01
39,"range(23, 24)",0.01
39,"range(24, 25)",0.01
39,"range(25, 26)",0.01
39,"range(26, 27)",0.01
39,"range(27, 28)",0.01
39,"range(28, 29)",0.01
39,"range(29, 30)",0.01
39,"range(30, 31)",0.01
39,"range(31, 32)",0.01
39,"range(32, 33)",0.01
39,"range(33, 34)",0.01
39,"range(34, 35)",0.01
39,"range(35, 36)",0.01
39,"range(36, 37)",0.01
39,"range(37, 38)",0.01
39,"range(38, 39)",0.01
39,"range(39, 40)",0.01
39,"range(40, 41)",0.01
39,"range(41, 42)",0.01
39,"range(42, 43)",0.01
39,"range(43, 44)",0.01
39,"range(44, 45)",0.01
39,"range(45, 46)",0.01
39,"range(46, 47)",0.01
39,"range(47, 48)",0.01
39,"range(48, 49)",0.01
39,"range(49, 50)",0.01
39,"range(50, 51)",0.01
39,"range(51, 52)",0.01
39,"range(52, 53)",0.01
39,"range(53, 54)",0.01
39,"range(54, 55)",0.01
39,"range(55, 56)",0.01
39,"range(56, 57)",0.01
39,"range(57, 58)",0.01
39,"range(58, 59)",0.01
39,"range(59, 60)",0.01
39,"range(60, 61)",0.01
40,"range(1, 2)",0.01
40,"range(2, 3)",0.01
40,"range(3, 4)",0.01
40,"range(4, 5)",0.01
40,"range(5, 6)",0.01
40,"range(6, 7)",0.01
40,"range(7, 8)",0.01
40,"range(8, 9)",0.01
40,"range(9, 10)",0.01
40,"range(10, 11)",0.01
40,"range(11, 12)",0.01
40,"range(12, 13)",0.01
40,"range(13, 14)",0.01
40,"range(14, 15)",0.01
40,"range(15, 16)",0.01
40,"range(16, 17)",0.01
40,"range(17, 18)",0.01
40,"range(18, 19)",0.01
40,"range(19, 20)",0.01
40,"range(20, 21)",0.01
40,"range(21, 22)",0.01
40,"range(22, 23)",0.01
40,"range(23, 24)",0.01
40,"range(24, 25)",0.01
40,"range(25, 26)",0.01
40,"range(26, 27)",0.01
40,"range(27, 28)",0.01
40,"range(28, 29)",0.01
40,"range(29, 30)",0.01
40,"range(30, 31)",0.01
40,"range(31, 32)",0.01
40,"range(32, 33)",0.01
40,"range(33, 34)",0.01
40,"range(34, 35)",0.01
40,"range(35, 36)",0.01
40,"range(36, 37)",0.01
40,"range(37, 38)",0.01
40,"range(38, 39)",0.01
40,"range(39, 40)",0.01
40,"range(40, 41)",0.01
40,"range(41, 42)",0.01
40,"range(42, 43)",0.01
40,"range(43, 44)",0.01
40,"range(44, 45)",0.01
40,"range(45, 46)",0.01
40,"range(46, 47)",0.01
40,"range(47, 48)",0.01
40,"range(48, 49)",0.01
40,"range(49, 50)",0.01
40,"range(50, 51)",0.01
40,"range(51, 52)",0.01
40,"range(52, 53)",0.01
40,"range(53, 54)",0.01
40,"range(54, 55)",0.01
40,"range(55, 56)",0.01
40,"range(56, 57)",0.01
40,"range(57, 58)",0.01
40,"range(58, 59)",0.01
40,"range(59, 60)",0.01
40,"range(60, 61)",0.01
41,"range(1, 2)",0.01
41,"range(2, 3)",0.01
41,"range(3, 4)",0.01
41,"range(4, 5)",0.01
41,"range(5, 6)",0.01
41,"range(6, 7)",0.01
41,"range(7, 8)",0.01
41,"range(8, 9)",0.01
41,"range(9, 10)",0.01
41,"range(10, 11)",0.01
41,"range(11, 12)",0.01
41,"range(12, 13)",0.01
41,"range(13, 14)",0.01
41,"range(14, 15)",0.01
41,"range(15, 16)",0.01
41,"range(16, 17)",0.01
41,"range(17, 18)",0.01
41,"range(18, 19)",0.01
41,"range(19, 20)",0.01
41,"range(20, 21)",0.01
41,"range(21, 22)",0.01
41,"range(22, 23)",0.01
41,"range(23, 24)",0.01
41,"range(24, 25)",0.01
41,"range(25, 26)",0.01
41,"range(26, 27)",0.01
41,"range(27, 28)",0.01
41,"range(28, 29)",0.01
41,"range(29, 30)",0.01
41,"range(30, 31)",0.01
41,"range(31, 32)",0.01
41,"range(32, 33)",0.01
41,"range(33, 34)",0.01
41,"range(34, 35)",0.01
41,"range(35, 36)",0.01
41,"range(36, 37)",0.01
41,"range(37, 38)",0.01
41,"range(38, 39)",0.01
41,"range(39, 40)",0.01
41,"range(40, 41)",0.01
41,"range(41, 42)",0.01
41,"range(42, 43)",0.01
41,"range(43, 44)",0.01
41,"range(44, 45)",0.01
41,"range(45, 46)",0.01
41,"range(46, 47)",0.01
41,"range(47, 48)",0.01
41,"range(48, 49)",0.01
41,"range(49, 50)",0.01
41,"range(50, 51)",0.01
41,"range(51, 52)",0.01
41,"range(52, 53)",0.01
41,"range(53, 54)",0.01
41,"range(54, 55)",0.01
41,"range(55, 56)",0.01
41,"range(56, 57)",0.01
41,"range(57, 58)",0.01
41,"range(58, 59)",0.01
41,"range(59, 60)",0.01
41,"range(60, 61)",0.01
42,"range(1, 2)",0.01
42,"range(2, 3)",0.01
42,"range(3, 4)",0.01
42,"range(4, 5)",0.01
42,"range(5, 6)",0.01
42,"range(6, 7)",0.01
42,"range(7, 8)",0.01
42,"range(8, 9)",0.01
42,"range(9, 10)",0.01
42,"range(10, 11)",0.01
42,"range(11, 12)",0.01
42,"range(12, 13)",0.01
42,"range(13, 14)",0.01
42,"range(14, 15)",0.01
42,"range(15, 16)",0.01
42,"range(16, 17)",0.01
42,"range(17, 18)",0.01
42,"range(18, 19)",0.01
42,"range(19, 20)",0.01
42,"range(20, 21)",0.01
42,"range(21, 22)",0.01
42,"range(22, 23)",0.01
42,"range(23, 24)",0.01
42,"range(24, 25)",0.01
42,"range(25, 26)",0.01
42,"range(26, 27)",0.01
42,"range(27, 28)",0.01
42,"range(28, 29)",0.01
42,"range(29, 30)",0.01
42,"range(30, 31)",0.01
42,"range(31, 32)",0.01
42,"range(32, 33)",0.01
42,"range(33, 34)",0.01
42,"range(34, 35)",0.01
42,"range(35, 36)",0.01
42,"range(36, 37)",0.01
42,"range(37, 38)",0.01
42,"range(38, 39)",0.01
42,"range(39, 40)",0.01
42,"range(40, 41)",0.01
42,"range(41, 42)",0.01
42,"range(42, 43)",0.01
42,"range(43, 44)",0.01
42,"range(44, 45)",0.01
42,"range(45, 46)",0.01
42,"range(46, 47)",0.01
42,"range(47, 48)",0.01
42,"range(48, 49)",0.01
42,"range(49, 50)",0.01
42,"range(50, 51)",0.01
42,"range(51, 52)",0.01
42,"range(52, 53)",0.01
42,"range(53, 54)",0.01
42,"range(54, 55)",0.01
42,"range(55, 56)",0.01
42,"range(56, 57)",0.01
42,"range(57, 58)",0.01
42,"range(58, 59)",0.01
42,"range(59, 60)",0.01
42,"range(60, 61)",0.01
43,"range(1, 2)",0.01
43,"range(2, 3)",0.01
43,"range(3, 4)",0.01
43,"range(4, 5)",0.01
43,"range(5, 6)",0.01
43,"range(6, 7)",0.01
43,"range(7, 8)",0.01
43,"range(8, 9)",0.01
43,"range(9, 10)",0.01
43,"range(10, 11)",0.01
43,"range(11, 12)",0.01
43,"range(12, 13)",0.01
43,"range(13, 14)",0.01
43,"range(14, 15)",0.01
43,"range(15, 16)",0.01
43,"range(16, 17)",0.01
43,"range(17, 18)",0.01
43,"range(18, 19)",0.01
43,"range(19, 20)",0.01
43,"range(20, 21)",0.01
43,"range(21, 22)",0.01
43,"range(22, 23)",0.01
43,"range(23, 24)",0.01
43,"range(24, 25)",0.01
43,"range(25, 26)",0.01
43,"range(26, 27)",0.01
43,"range(27, 28)",0.01
43,"range(28, 29)",0.01
43,"range(29, 30)",0.01
43,"range(30, 31)",0.01
43,"range(31, 32)",0.01
43,"range(32, 33)",0.01
43,"range(33, 34)",0.01
43,"range(34, 35)",0.01
43,"range(35, 36)",0.01
43,"range(36, 37)",0.01
43,"range(37, 38)",0.01
43,"range(38, 39)",0.01
43,"range(39, 40)",0.01
43,"range(40, 41)",0.01
43,"range(41, 42)",0.01
43,"range(42, 43)",0.01
43,"range(43, 44)",0.01
43,"range(44, 45)",0.01
43,"range(45, 46)",0.01
43,"range(46, 47)",0.01
43,"range(47, 48)",0.01
43,"range(48, 49)",0.01
43,"range(49, 50)",0.01
43,"range(50, 51)",0.01
43,"range(51, 52)",0.01
43,"range(52, 53)",0.01
43,"range(53, 54)",0.01
43,"range(54, 55)",0.01
43,"range(55, 56)",0.01
43,"range(56, 57)",0.01
43,"range(57, 58)",0.01
43,"range(58, 59)",0.01
43,"range(59, 60)",0.01
43,"range(60, 61)",0.01
44,"range(1, 2)",0.01
44,"range(2, 3)",0.01
44,"range(3, 4)",0.01
44,"range(4, 5)",0.01
44,"range(5, 6)",0.01
44,"range(6, 7)",0.01
44,"range(7, 8)",0.01
44,"range(8, 9)",0.01
44,"range(9, 10)",0.01
44,"range(10, 11)",0.01
44,"range(11, 12)",0.01
44,"range(12, 13)",0.01
44,"range(13, 14)",0.01
44,"range(14, 15)",0.01
44,"range(15, 16)",0.01
44,"range(16, 17)",0.01
44,"range(17, 18)",0.01
44,"range(18, 19)",0.01
44,"range(19, 20)",0.01
44,"range(20, 21)",0.01
44,"range(21, 22)",0.01
44,"range(22, 23)",0.01
44,"range(23, 24)",0.01
44,"range(24, 25)",0.01
44,"range(25, 26)",0.01
44,"range(26, 27)",0.01
44,"range(27, 28)",0.01
44,"range(28, 29)",0.01
44,"range(29, 30)",0.01
44,"range(30, 31)",0.01
44,"range(31, 32)",0.01
44,"range(32, 33)",0.01
44,"range(33, 34)",0.01
44,"range(34, 35)",0.01
44,"range(35, 36)",0.01
44,"range(36, 37)",0.01
44,"range(37, 38)",0.01
44,"range(38, 39)",0.01
44,"range(39, 40)",0.01
44,"range(40, 41)",0.01
44,"range(41, 42)",0.01
44,"range(42, 43)",0.01
44,"range(43, 44)",0.01
44,"range(44, 45)",0.01
44,"range(45, 46)",0.01
44,"range(46, 47)",0.01
44,"range(47, 48)",0.01
44,"range(48, 49)",0.01
44,"range(49, 50)",0.01
44,"range(50, 51)",0.01
44,"range(51, 52)",0.01
44,"range(52, 53)",0.01
44,"range(53, 54)",0.01
44,"range(54, 55)",0.01
44,"range(55, 56)",0.01
44,"range(56, 57)",0.01
44,"range(57, 58)",0.01
44,"range(58, 59)",0.01
44,"range(59, 60)",0.01
44,"range(60, 61)",0.01
45,"range(1, 2)",0.01
45,"range(2, 3)",0.01
45,"range(3, 4)",0.01
45,"range(4, 5)",0.01
45,"range(5, 6)",0.01
45,"range(6, 7)",0.01
45,"range(7, 8)",0.01
45,"range(8, 9)",0.01
45,"range(9, 10)",0.01
45,"range(10, 11)",0.01
45,"range(11, 12)",0.01
45,"range(12, 13)",0.01
45,"range(13, 14)",0.01
45,"range(14, 15)",0.01
45,"range(15, 16)",0.01
45,"range(16, 17)",0.01
45,"range(17, 18)",0.01
45,"range(18, 19)",0.01
45,"range(19, 20)",0.01
45,"range(20, 21)",0.01
45,"range(21, 22)",0.01
45,"range(22, 23)",0.01
45,"range(23, 24)",0.01
45,"range(24, 25)",0.01
45,"range(25, 26)",0.01
45,"range(26, 27)",0.01
45,"range(27, 28)",0.01
45,"range(28, 29)",0.01
45,"range(29, 30)",0.01
45,"range(30, 31)",0.01
45,"range(31, 32)",0.01
45,"range(32, 33)",0.01
45,"range(33, 34)",0.01
45,"range(34, 35)",0.01
45,"range(35, 36)",0.01
45,"range(36, 37)",0.01
45,"range(37, 38)",0.01
45,"range(38, 39)",0.01
45,"range(39, 40)",0.01
45,"range(40, 41)",0.01
45,"range(41, 42)",0.01
45,"range(42, 43)",0.01
45,"range(43, 44)",0.01
45,"range(44, 45)",0.01
45,"range(45, 46)",0.01
45,"range(46, 47)",0.01
45,"range(47, 48)",0.01
45,"range(48, 49)",0.01
45,"range(49, 50)",0.01
45,"range(50, 51)",0.01
45,"range(51, 52)",0.01
45,"range(52, 53)",0.01
45,"range(53, 54)",0.01
45,"range(54, 55)",0.01
45,"range(55, 56)",0.01
45,"range(56, 57)",0.01
45,"range(57, 58)",0.01
45,"range(58, 59)",0.01
45,"range(59, 60)",0.01
45,"range(60, 61)",0.01
46,"range(1, 2)",0.01
46,"range(2, 3)",0.01
46,"range(3, 4)",0.01
46,"range(4, 5)",0.01
46,"range(5, 6)",0.01
46,"range(6, 7)",0.01
46,"range(7, 8)",0.01
46,"range(8, 9)",0.01
46,"range(9, 10)",0.01
46,"range(10, 11)",0.01
46,"range(11, 12)",0.01
46,"range(12, 13)",0.01
46,"range(13, 14)",0.01
46,"range(14, 15)",0.01
46,"range(15, 16)",0.01
46,"range(16, 17)",0.01
46,"range(17, 18)",0.01
46,"range(18, 19)",0.01
46,"range(19, 20)",0.01
46,"range(20, 21)",0.01
46,"range(21, 22)",0.01
46,"range(22, 23)",0.01
46,"range(23, 24)",0.01
46,"range(24, 25)",0.01
46,"range(25, 26)",0.01
46,"range(26, 27)",0.01
46,"range(27, 28)",0.01
46,"range(28, 29)",0.01
46,"range(29, 30)",0.01
46,"range(30, 31)",0.01
46,"range(31, 32)",0.01
46,"range(32, 33)",0.01
46,"range(33, 34)",0.01
46,"range(34, 35)",0.01
46,"range(35, 36)",0.01
46,"range(36, 37)",0.01
46,"range(37, 38)",0.01
46,"range(38, 39)",0.01
46,"range(39, 40)",0.01
46,"range(40, 41)",0.01
46,"range(41, 42)",0.01
46,"range(42, 43)",0.01
46,"range(43, 44)",0.01
46,"range(44, 45)",0.01
46,"range(45, 46)",0.01
46,"range(46, 47)",0.01
46,"range(47, 48)",0.01
46,"range(48, 49)",0.01
46,"range(49, 50)",0.01
46,"range(50, 51)",0.01
46,"range(51, 52)",0.01
46,"range(52, 53)",0.01
46,"range(53, 54)",0.01
46,"range(54, 55)",0.01
46,"range(55, 56)",0.01
46,"range(56, 57)",0.01
46,"range(57, 58)",0.01
46,"range(58, 59)",0.01
46,"range(59, 60)",0.01
46,"range(60, 61)",0.01
47,"range(1, 2)",0.01
47,"range(2, 3)",0.01
47,"range(3, 4)",0.01
47,"range(4, 5)",0.01
47,"range(5, 6)",0.01
47,"range(6, 7)",0.01
47,"range(7, 8)",0.01
47,"range(8, 9)",0.01
47,"range(9, 10)",0.01
47,"range(10, 11)",0.01
47,"range(11, 12)",0.01
47,"range(12, 13)",0.01
47,"range(13, 14)",0.01
47,"range(14, 15)",0.01
47,"range(15, 16)",0.01
47,"range(16, 17)",0.01
47,"range(17, 18)",0.01
47,"range(18, 19)",0.01
47,"range(19, 20)",0.01
47,"range(20, 21)",0.01
47,"range(21, 22)",0.01
47,"range(22, 23)",0.01
47,"range(23, 24)",0.01
47,"range(24, 25)",0.01
47,"range(25, 26)",0.01
47,"range(26, 27)",0.01
47,"range(27, 28)",0.01
47,"range(28, 29)",0.01
47,"range(29, 30)",0.01
47,"range(30, 31)",0.01
47,"range(31, 32)",0.01
47,"range(32, 33)",0.01
47,"range(33, 34)",0.01
47,"range(34, 35)",0.01
47,"range(35, 36)",0.01
47,"range(36, 37)",0.01
47,"range(37, 38)",0.01
47,"range(38, 39)",0.01
47,"range(39, 40)",0.01
47,"range(40, 41)",0.01
47,"range(41, 42)",0.01
47,"range(42, 43)",0.01
47,"range(43, 44)",0.01
47,"range(44, 45)",0.01
47,"range(45, 46)",0.01
47,"range(46, 47)",0.01
47,"range(47, 48)",0.01
47,"range(48, 49)",0.01
47,"range(49, 50)",0.01
47,"range(50, 51)",0.01
47,"range(51, 52)",0.01
47,"range(52, 53)",0.01
47,"range(53, 54)",0.01
47,"range(54, 55)",0.01
47,"range(55, 56)",0.01
47,"range(56, 57)",0.01
47,"range(57, 58)",0.01
47,"range(58, 59)",0.01
47,"range(59, 60)",0.01
47,"range(60, 61)",0.01
48,"range(1, 2)",0.01
48,"range(2, 3)",0.01
48,"range(3, 4)",0.01
48,"range(4, 5)",0.01
48,"range(5, 6)",0.01
48,"range(6, 7)",0.01
48,"range(7, 8)",0.01
48,"range(8, 9)",0.01
48,"range(9, 10)",0.01
48,"range(10, 11)",0.01
48,"range(11, 12)",0.01
48,"range(12, 13)",0.01
48,"range(13, 14)",0.01
48,"range(14, 15)",0.01
48,"range(15, 16)",0.01
48,"range(16, 17)",0.01
48,"range(17, 18)",0.01
48,"range(18, 19)",0.01
48,"range(19, 20)",0.01
48,"range(20, 21)",0.01
48,"range(21, 22)",0.01
48,"range(22, 23)",0.01
48,"range(23, 24)",0.01
48,"range(24, 25)",0.01
48,"range(25, 26)",0.01
48,"range(26, 27)",0.01
48,"range(27, 28)",0.01
48,"range(28, 29)",0.01
48,"range(29, 30)",0.01
48,"range(30, 31)",0.01
48,"range(31, 32)",0.01
48,"range(32, 33)",0.01
48,"range(33, 34)",0.01
48,"range(34, 35)",0.01
48,"range(35, 36)",0.01
48,"range(36, 37)",0.01
48,"range(37, 38)",0.01
48,"range(38, 39)",0.01
48,"range(39, 40)",0.01
48,"range(40, 41)",0.01
48,"range(41, 42)",0.01
48,"range(42, 43)",0.01
48,"range(43, 44)",0.01
48,"range(44, 45)",0.01
48,"range(45, 46)",0.01
48,"range(46, 47)",0.01
48,"range(47, 48)",0.01
48,"range(48, 49)",0.01
48,"range(49, 50)",0.01
48,"range(50, 51)",0.01
48,"range(51, 52)",0.01
48,"range(52, 53)",0.01
48,"range(53, 54)",0.01
48,"range(54, 55)",0.01
48,"range(55, 56)",0.01
48,"range(56, 57)",0.01
48,"range(57, 58)",0.01
48,"range(58, 59)",0.01
48,"range(59, 60)",0.01
48,"range(60, 61)",0.01
49,"range(1, 2)",0.01
49,"range(2, 3)",0.3999999999999999
49,"range(3, 4)",0.4142857142857142
49,"range(4, 5)",0.01
49,"range(5, 6)",0.3999999999999999
49,"range(6, 7)",0.01
49,"range(7, 8)",0.01
49,"range(8, 9)",0.01
49,"range(9, 10)",0.3714285714285714
49,"range(10, 11)",0.01
49,"range(11, 12)",0.01
49,"range(12, 13)",0.01
49,"range(13, 14)",0.3714285714285714
49,"range(14, 15)",0.3857142857142857
49,"range(15, 16)",0.3857142857142857
49,"range(16, 17)",0.3857142857142857
49,"range(17, 18)",0.01
49,"range(18, 19)",0.01
49,"range(19, 20)",0.01
49,"range(20, 21)",0.01
49,"range(21, 22)",0.01
49,"range(22, 23)",0.01
49,"range(23, 24)",0.01
49,"range(24, 25)",0.01
49,"range(25, 26)",0.01
49,"range(26, 27)",0.01
49,"range(27, 28)",0.01
49,"range(28, 29)",0.01
49,"range(29, 30)",0.01
49,"range(30, 31)",0.01
49,"range(31, 32)",0.01
49,"range(32, 33)",0.01
49,"range(33, 34)",0.01
49,"range(34, 35)",0.01
49,"range(35, 36)",0.01
49,"range(36, 37)",0.01
49,"range(37, 38)",0.01
49,"range(38, 39)",0.01
49,"range(39, 40)",0.01
49,"range(40, 41)",0.01
49,"range(41, 42)",0.01
49,"range(42, 43)",0.01
49,"range(43, 44)",0.01
49,"range(44, 45)",0.01
49,"range(45, 46)",0.01
49,"range(46, 47)",0.01
49,"range(47, 48)",0.01
49,"range(48, 49)",0.01
49,"range(49, 50)",0.01
49,"range(50, 51)",0.01
49,"range(51, 52)",0.01
49,"range(52, 53)",0.01
49,"range(53, 54)",0.01
49,"range(54, 55)",0.01
49,"range(55, 56)",0.01
49,"range(56, 57)",0.01
49,"range(57, 58)",0.01
49,"range(58, 59)",0.01
49,"range(59, 60)",0.01
49,"range(60, 61)",0.01
50,"range(1, 2)",0.01
50,"range(2, 3)",0.01
50,"range(3, 4)",0.01
50,"range(4, 5)",0.01
50,"range(5, 6)",0.01
50,"range(6, 7)",0.01
50,"range(7, 8)",0.01
50,"range(8, 9)",0.01
50,"range(9, 10)",0.01
50,"range(10, 11)",0.01
50,"range(11, 12)",0.01
50,"range(12, 13)",0.01
50,"range(13, 14)",0.01
50,"range(14, 15)",0.01
50,"range(15, 16)",0.01
50,"range(16, 17)",0.01
50,"range(17, 18)",0.01
50,"range(18, 19)",0.01
50,"range(19, 20)",0.01
50,"range(20, 21)",0.01
50,"range(21, 22)",0.01
50,"range(22, 23)",0.01
50,"range(23, 24)",0.01
50,"range(24, 25)",0.01
50,"range(25, 26)",0.01
50,"range(26, 27)",0.01
50,"range(27, 28)",0.01
50,"range(28, 29)",0.01
50,"range(29, 30)",0.01
50,"range(30, 31)",0.01
50,"range(31, 32)",0.01
50,"range(32, 33)",0.01
50,"range(33, 34)",0.01
50,"range(34, 35)",0.01
50,"range(35, 36)",0.01
50,"range(36, 37)",0.01
50,"range(37, 38)",0.01
50,"range(38, 39)",0.01
50,"range(39, 40)",0.01
50,"range(40, 41)",0.01
50,"range(41, 42)",0.01
50,"range(42, 43)",0.01
50,"range(43, 44)",0.01
50,"range(44, 45)",0.01
50,"range(45, 46)",0.01
50,"range(46, 47)",0.01
50,"range(47, 48)",0.01
50,"range(48, 49)",0.01
50,"range(49, 50)",0.01
50,"range(50, 51)",0.01
50,"range(51, 52)",0.01
50,"range(52, 53)",0.01
50,"range(53, 54)",0.01
50,"range(54, 55)",0.01
50,"range(55, 56)",0.01
50,"range(56, 57)",0.01
50,"range(57, 58)",0.01
50,"range(58, 59)",0.01
50,"range(59, 60)",0.01
50,"range(60, 61)",0.01
51,"range(1, 2)",0.01
51,"range(2, 3)",0.01
51,"range(3, 4)",0.01
51,"range(4, 5)",0.01
51,"range(5, 6)",0.01
51,"range(6, 7)",0.01
51,"range(7, 8)",0.01
51,"range(8, 9)",0.01
51,"range(9, 10)",0.01
51,"range(10, 11)",0.01
51,"range(11, 12)",0.01
51,"range(12, 13)",0.01
51,"range(13, 14)",0.01
51,"range(14, 15)",0.01
51,"range(15, 16)",0.01
51,"range(16, 17)",0.01
51,"range(17, 18)",0.01
51,"range(18, 19)",0.01
51,"range(19, 20)",0.01
51,"range(20, 21)",0.01
51,"range(21, 22)",0.01
51,"range(22, 23)",0.01
51,"range(23, 24)",0.01
51,"range(24, 25)",0.01
51,"range(25, 26)",0.01
51,"range(26, 27)",0.01
51,"range(27, 28)",0.01
51,"range(28, 29)",0.01
51,"range(29, 30)",0.01
51,"range(30, 31)",0.01
51,"range(31, 32)",0.01
51,"range(32, 33)",0.01
51,"range(33, 34)",0.01
51,"range(34, 35)",0.01
51,"range(35, 36)",0.01
51,"range(36, 37)",0.01
51,"range(37, 38)",0.01
51,"range(38, 39)",0.01
51,"range(39, 40)",0.01
51,"range(40, 41)",0.01
51,"range(41, 42)",0.01
51,"range(42, 43)",0.01
51,"range(43, 44)",0.01
51,"range(44, 45)",0.01
51,"range(45, 46)",0.01
51,"range(46, 47)",0.01
51,"range(47, 48)",0.01
51,"range(48, 49)",0.01
51,"range(49, 50)",0.01
51,"range(50, 51)",0.01
51,"range(51, 52)",0.01
51,"range(52, 53)",0.01
51,"range(53, 54)",0.01
51,"range(54, 55)",0.01
51,"range(55, 56)",0.01
51,"range(56, 57)",0.01
51,"range(57, 58)",0.01
51,"range(58, 59)",0.01
51,"range(59, 60)",0.01
51,"range(60, 61)",0.01
52,"range(1, 2)",0.01
52,"range(2, 3)",0.01
52,"range(3, 4)",0.01
52,"range(4, 5)",0.01
52,"range(5, 6)",0.01
52,"range(6, 7)",0.01
52,"range(7, 8)",0.01
52,"range(8, 9)",0.01
52,"range(9, 10)",0.01
52,"range(10, 11)",0.01
52,"range(11, 12)",0.01
52,"range(12, 13)",0.01
52,"range(13, 14)",0.01
52,"range(14, 15)",0.01
52,"range(15, 16)",0.01
52,"range(16, 17)",0.01
52,"range(17, 18)",0.01
52,"range(18, 19)",0.01
52,"range(19, 20)",0.01
52,"range(20, 21)",0.01
52,"range(21, 22)",0.01
52,"range(22, 23)",0.01
52,"range(23, 24)",0.01
52,"range(24, 25)",0.01
52,"range(25, 26)",0.01
52,"range(26, 27)",0.01
52,"range(27, 28)",0.01
52,"range(28, 29)",0.01
52,"range(29, 30)",0.01
52,"range(30, 31)",0.01
52,"range(31, 32)",0.01
52,"range(32, 33)",0.01
52,"range(33, 34)",0.01
52,"range(34, 35)",0.01
52,"range(35, 36)",0.01
52,"range(36, 37)",0.01
52,"range(37, 38)",0.01
52,"range(38, 39)",0.01
52,"range(39, 40)",0.01
52,"range(40, 41)",0.01
52,"range(41, 42)",0.01
52,"range(42, 43)",0.01
52,"range(43, 44)",0.01
52,"range(44, 45)",0.01
52,"range(45, 46)",0.01
52,"range(46, 47)",0.01
52,"range(47, 48)",0.01
52,"range(48, 49)",0.01
52,"range(49, 50)",0.01
52,"range(50, 51)",0.01
52,"range(51, 52)",0.01
52,"range(52, 53)",0.01
52,"range(53, 54)",0.01
52,"range(54, 55)",0.01
52,"range(55, 56)",0.01
52,"range(56, 57)",0.01
52,"range(57, 58)",0.01
52,"range(58, 59)",0.01
52,"range(59, 60)",0.01
52,"range(60, 61)",0.01
53,"range(1, 2)",0.01
53,"range(2, 3)",0.01
53,"range(3, 4)",0.01
53,"range(4, 5)",0.01
53,"range(5, 6)",0.01
53,"range(6, 7)",0.01
53,"range(7, 8)",0.01
53,"range(8, 9)",0.01
53,"range(9, 10)",0.01
53,"range(10, 11)",0.01
53,"range(11, 12)",0.01
53,"range(12, 13)",0.01
53,"range(13, 14)",0.01
53,"range(14, 15)",0.01
53,"range(15, 16)",0.01
53,"range(16, 17)",0.01
53,"range(17, 18)",0.01
53,"range(18, 19)",0.01
53,"range(19, 20)",0.01
53,"range(20, 21)",0.01
53,"range(21, 22)",0.01
53,"range(22, 23)",0.01
53,"range(23, 24)",0.01
53,"range(24, 25)",0.01
53,"range(25, 26)",0.01
53,"range(26, 27)",0.01
53,"range(27, 28)",0.01
53,"range(28, 29)",0.01
53,"range(29, 30)",0.01
53,"range(30, 31)",0.01
53,"range(31, 32)",0.01
53,"range(32, 33)",0.01
53,"range(33, 34)",0.01
53,"range(34, 35)",0.01
53,"range(35, 36)",0.01
53,"range(36, 37)",0.01
53,"range(37, 38)",0.01
53,"range(38, 39)",0.01
53,"range(39, 40)",0.01
53,"range(40, 41)",0.01
53,"range(41, 42)",0.01
53,"range(42, 43)",0.01
53,"range(43, 44)",0.01
53,"range(44, 45)",0.01
53,"range(45, 46)",0.01
53,"range(46, 47)",0.01
53,"range(47, 48)",0.01
53,"range(48, 49)",0.01
53,"range(49, 50)",0.01
53,"range(50, 51)",0.01
53,"range(51, 52)",0.01
53,"range(52, 53)",0.01
53,"range(53, 54)",0.01
53,"range(54, 55)",0.01
53,"range(55, 56)",0.01
53,"range(56, 57)",0.01
53,"range(57, 58)",0.01
53,"range(58, 59)",0.01
53,"range(59, 60)",0.01
53,"range(60, 61)",0.01
54,"range(1, 2)",0.0142857142857142
54,"range(2, 3)",0.0285714285714285
54,"range(3, 4)",0.4
54,"range(4, 5)",0.0714285714285714
54,"range(5, 6)",0.8714285714285716
54,"range(6, 7)",1.3857142857142857
54,"range(7, 8)",1.8571428571428568
54,"range(8, 9)",1.457142857142857
54,"range(9, 10)",2.3714285714285714
54,"range(10, 11)",2.2142857142857144
54,"range(11, 12)",2.2
54,"range(12, 13)",2.1714285714285717
54,"range(13, 14)",2.3000000000000003
54,"range(14, 15)",1.6142857142857143
54,"range(15, 16)",2.257142857142857
54,"range(16, 17)",1.3142857142857145
54,"range(17, 18)",1.2571428571428571
54,"range(18, 19)",0.6
54,"range(19, 20)",0.3571428571428571
54,"range(20, 21)",0.4714285714285714
54,"range(21, 22)",0.4428571428571429
54,"range(22, 23)",0.7000000000000001
54,"range(23, 24)",0.6571428571428571
54,"range(24, 25)",0.7142857142857143
54,"range(25, 26)",0.7285714285714285
54,"range(26, 27)",1.657142857142857
54,"range(27, 28)",1.6428571428571428
54,"range(28, 29)",1.5714285714285714
54,"range(29, 30)",1.4857142857142858
54,"range(30, 31)",1.4714285714285715
54,"range(31, 32)",2.442857142857143
54,"range(32, 33)",2.4
54,"range(33, 34)",2.3714285714285714
54,"range(34, 35)",1.9285714285714288
54,"range(35, 36)",2.3857142857142857
54,"range(36, 37)",2.242857142857143
54,"range(37, 38)",2.2285714285714286
54,"range(38, 39)",2.9
54,"range(39, 40)",3.242857142857143
54,"range(40, 41)",2.942857142857143
54,"range(41, 42)",3.8428571428571434
54,"range(42, 43)",4.357142857142857
54,"range(43, 44)",3.3285714285714287
54,"range(44, 45)",3.5
54,"range(45, 46)",3.8
54,"range(46, 47)",2.9285714285714284
54,"range(47, 48)",2.9714285714285715
54,"range(48, 49)",3.3000000000000003
54,"range(49, 50)",2.642857142857143
54,"range(50, 51)",2.4
54,"range(51, 52)",3.5
54,"range(52, 53)",2.757142857142857
54,"range(53, 54)",1.9
54,"range(54, 55)",0.7714285714285715
54,"range(55, 56)",0.7428571428571429
54,"range(56, 57)",0.4428571428571429
54,"range(57, 58)",0.3857142857142857
54,"range(58, 59)",1.042857142857143
54,"range(59, 60)",0.9857142857142857
54,"range(60, 61)",0.4142857142857142
55,"range(1, 2)",0.5857142857142856
55,"range(2, 3)",2.2285714285714286
55,"range(3, 4)",2.257142857142857
55,"range(4, 5)",3.442857142857143
55,"range(5, 6)",3.8285714285714287
55,"range(6, 7)",3.2
55,"range(7, 8)",2.9285714285714284
55,"range(8, 9)",2.8857142857142857
55,"range(9, 10)",2.9857142857142853
55,"range(10, 11)",2.857142857142857
55,"range(11, 12)",2.585714285714286
55,"range(12, 13)",2.6142857142857143
55,"range(13, 14)",1.8
55,"range(14, 15)",1.3714285714285714
55,"range(15, 16)",1.3285714285714287
55,"range(16, 17)",1.3714285714285714
55,"range(17, 18)",1.3571428571428572
55,"range(18, 19)",1.7714285714285711
55,"range(19, 20)",1.7857142857142858
55,"range(20, 21)",1.7571428571428571
55,"range(21, 22)",1.042857142857143
55,"range(22, 23)",0.6857142857142858
55,"range(23, 24)",0.6571428571428571
55,"range(24, 25)",0.7142857142857143
55,"range(25, 26)",0.6428571428571429
55,"range(26, 27)",0.7714285714285715
55,"range(27, 28)",1.1428571428571428
55,"range(28, 29)",1.5142857142857142
55,"range(29, 30)",1.542857142857143
55,"range(30, 31)",1.2
55,"range(31, 32)",1.042857142857143
55,"range(32, 33)",1.0714285714285714
55,"range(33, 34)",0.7714285714285715
55,"range(34, 35)",1.0714285714285714
55,"range(35, 36)",0.8285714285714285
55,"range(36, 37)",1.2285714285714284
55,"range(37, 38)",1.4857142857142858
55,"range(38, 39)",1.8285714285714287
55,"range(39, 40)",1.8285714285714287
55,"range(40, 41)",1.8142857142857145
55,"range(41, 42)",1.5
55,"range(42, 43)",1.5
55,"range(43, 44)",1.5571428571428572
55,"range(44, 45)",1.1142857142857143
55,"range(45, 46)",1.042857142857143
55,"range(46, 47)",1.5142857142857142
55,"range(47, 48)",1.3285714285714287
55,"range(48, 49)",1.5142857142857142
55,"range(49, 50)",1.5714285714285714
55,"range(50, 51)",1.6714285714285713
55,"range(51, 52)",2.585714285714286
55,"range(52, 53)",1.9857142857142855
55,"range(53, 54)",1.9714285714285715
55,"range(54, 55)",1.9
55,"range(55, 56)",2.4285714285714284
55,"range(56, 57)",2.371428571428571
55,"range(57, 58)",2.7571428571428567
55,"range(58, 59)",2.314285714285714
55,"range(59, 60)",2.3428571428571425
55,"range(60, 61)",2.0285714285714285
56,"range(1, 2)",0.01
56,"range(2, 3)",0.01
56,"range(3, 4)",0.01
56,"range(4, 5)",0.01
56,"range(5, 6)",0.01
56,"range(6, 7)",0.01
56,"range(7, 8)",0.01
56,"range(8, 9)",0.01
56,"range(9, 10)",0.01
56,"range(10, 11)",0.01
56,"range(11, 12)",0.01
56,"range(12, 13)",0.01
56,"range(13, 14)",0.01
56,"range(14, 15)",0.01
56,"range(15, 16)",0.3999999999999999
56,"range(16, 17)",0.3857142857142857
56,"range(17, 18)",0.3999999999999999
56,"range(18, 19)",0.3999999999999999
56,"range(19, 20)",0.3857142857142857
56,"range(20, 21)",0.3857142857142857
56,"range(21, 22)",0.3999999999999999
56,"range(22, 23)",0.3857142857142857
56,"range(23, 24)",0.3714285714285714
56,"range(24, 25)",0.01
56,"range(25, 26)",0.01
56,"range(26, 27)",0.01
56,"range(27, 28)",0.01
56,"range(28, 29)",0.01
56,"range(29, 30)",0.3714285714285714
56,"range(30, 31)",0.3428571428571428
56,"range(31, 32)",0.3571428571428571
56,"range(32, 33)",0.3714285714285714
56,"range(33, 34)",0.3285714285714285
56,"range(34, 35)",0.7285714285714285
56,"range(35, 36)",1.1857142857142855
56,"range(36, 37)",1.4857142857142858
56,"range(37, 38)",1.4857142857142858
56,"range(38, 39)",2.0142857142857142
56,"range(39, 40)",2.1142857142857143
56,"range(40, 41)",2.0285714285714285
56,"range(41, 42)",1.6714285714285713
56,"range(42, 43)",1.3571428571428572
56,"range(43, 44)",0.8714285714285713
56,"range(44, 45)",1.6142857142857143
56,"range(45, 46)",1.6857142857142855
56,"range(46, 47)",1.157142857142857
56,"range(47, 48)",1.0714285714285714
56,"range(48, 49)",0.8142857142857143
56,"range(49, 50)",0.7142857142857143
56,"range(50, 51)",0.6285714285714287
56,"range(51, 52)",0.5428571428571428
56,"range(52, 53)",0.5142857142857143
56,"range(53, 54)",0.7999999999999999
56,"range(54, 55)",1.1285714285714286
56,"range(55, 56)",1.1
56,"range(56, 57)",1.157142857142857
56,"range(57, 58)",1.1
56,"range(58, 59)",1.1
56,"range(59, 60)",1.0714285714285714
56,"range(60, 61)",1.0857142857142856
57,"range(1, 2)",0.2428571428571428
57,"range(2, 3)",0.1428571428571428
57,"range(3, 4)",1.9142857142857144
57,"range(4, 5)",1.842857142857143
57,"range(5, 6)",0.3857142857142857
57,"range(6, 7)",0.4285714285714285
57,"range(7, 8)",0.3999999999999999
57,"range(8, 9)",0.3999999999999999
57,"range(9, 10)",0.3857142857142857
57,"range(10, 11)",0.3999999999999999
57,"range(11, 12)",0.3857142857142857
57,"range(12, 13)",1.6428571428571428
57,"range(13, 14)",1.6142857142857143
57,"range(14, 15)",1.6
57,"range(15, 16)",1.1714285714285713
57,"range(16, 17)",1.157142857142857
57,"range(17, 18)",1.157142857142857
57,"range(18, 19)",1.4714285714285715
57,"range(19, 20)",1.5285714285714285
57,"range(20, 21)",1.5142857142857142
57,"range(21, 22)",1.4428571428571428
57,"range(22, 23)",1.6142857142857143
57,"range(23, 24)",1.4428571428571428
57,"range(24, 25)",2.3714285714285714
57,"range(25, 26)",1.6285714285714286
57,"range(26, 27)",2.085714285714286
57,"range(27, 28)",2.542857142857143
57,"range(28, 29)",2.1142857142857143
57,"range(29, 30)",2.1
57,"range(30, 31)",1.6714285714285713
57,"range(31, 32)",1.7571428571428571
57,"range(32, 33)",1.7857142857142858
57,"range(33, 34)",1.7571428571428571
57,"range(34, 35)",1.342857142857143
57,"range(35, 36)",0.9000000000000001
57,"range(36, 37)",0.9000000000000001
57,"range(37, 38)",0.9000000000000001
57,"range(38, 39)",0.4714285714285714
57,"range(39, 40)",0.8857142857142856
57,"range(40, 41)",0.3571428571428571
57,"range(41, 42)",0.3714285714285714
57,"range(42, 43)",0.7142857142857143
57,"range(43, 44)",0.7285714285714285
57,"range(44, 45)",0.6714285714285714
57,"range(45, 46)",1.1
57,"range(46, 47)",1.1857142857142855
57,"range(47, 48)",1.2285714285714284
57,"range(48, 49)",1.2428571428571429
57,"range(49, 50)",1.6285714285714286
57,"range(50, 51)",1.5571428571428572
57,"range(51, 52)",0.9142857142857144
57,"range(52, 53)",0.9285714285714286
57,"range(53, 54)",1.2142857142857142
57,"range(54, 55)",1.1714285714285713
57,"range(55, 56)",1.2
57,"range(56, 57)",1.2142857142857142
57,"range(57, 58)",1.1857142857142855
57,"range(58, 59)",1.9285714285714288
57,"range(59, 60)",1.5857142857142856
57,"range(60, 61)",1.5571428571428572
58,"range(1, 2)",0.01
58,"range(2, 3)",0.01
58,"range(3, 4)",0.01
58,"range(4, 5)",0.01
58,"range(5, 6)",0.01
58,"range(6, 7)",0.01
58,"range(7, 8)",0.01
58,"range(8, 9)",0.01
58,"range(9, 10)",0.01
58,"range(10, 11)",0.01
58,"range(11, 12)",0.01
58,"range(12, 13)",0.01
58,"range(13, 14)",0.01
58,"range(14, 15)",0.01
58,"range(15, 16)",0.01
58,"range(16, 17)",0.01
58,"range(17, 18)",0.01
58,"range(18, 19)",0.01
58,"range(19, 20)",0.01
58,"range(20, 21)",0.01
58,"range(21, 22)",2.314285714285714
58,"range(22, 23)",2.2285714285714286
58,"range(23, 24)",2.2285714285714286
58,"range(24, 25)",0.01
58,"range(25, 26)",1.157142857142857
58,"range(26, 27)",1.1142857142857143
58,"range(27, 28)",1.0857142857142856
58,"range(28, 29)",1.0571428571428572
58,"range(29, 30)",1.1
58,"range(30, 31)",0.01
58,"range(31, 32)",0.01
58,"range(32, 33)",0.01
58,"range(33, 34)",0.01
58,"range(34, 35)",0.01
58,"range(35, 36)",0.01
58,"range(36, 37)",0.01
58,"range(37, 38)",0.7857142857142857
58,"range(38, 39)",0.8142857142857143
58,"range(39, 40)",0.7999999999999999
58,"range(40, 41)",0.7857142857142857
58,"range(41, 42)",0.8285714285714285
58,"range(42, 43)",0.8428571428571429
58,"range(43, 44)",0.6
58,"range(44, 45)",0.7571428571428571
58,"range(45, 46)",0.5571428571428572
58,"range(46, 47)",0.01
58,"range(47, 48)",0.01
58,"range(48, 49)",0.01
58,"range(49, 50)",0.01
58,"range(50, 51)",0.01
58,"range(51, 52)",0.01
58,"range(52, 53)",0.01
58,"range(53, 54)",0.01
58,"range(54, 55)",0.01
58,"range(55, 56)",0.01
58,"range(56, 57)",0.01
58,"range(57, 58)",0.01
58,"range(58, 59)",0.01
58,"range(59, 60)",0.01
58,"range(60, 61)",0.01
59,"range(1, 2)",1.1142857142857143
59,"range(2, 3)",0.01
59,"range(3, 4)",3.7857142857142856
59,"range(4, 5)",6.528571428571429
59,"range(5, 6)",4.642857142857143
59,"range(6, 7)",4.042857142857143
59,"range(7, 8)",5.5
59,"range(8, 9)",10.228571428571428
59,"range(9, 10)",6.714285714285714
59,"range(10, 11)",1.4428571428571428
59,"range(11, 12)",1.3285714285714287
59,"range(12, 13)",2.2285714285714286
59,"range(13, 14)",3.1142857142857143
59,"range(14, 15)",3.457142857142857
59,"range(15, 16)",2.157142857142857
59,"range(16, 17)",8.542857142857143
59,"range(17, 18)",8.071428571428571
59,"range(18, 19)",5.071428571428571
59,"range(19, 20)",3.8857142857142857
59,"range(20, 21)",4.057142857142857
59,"range(21, 22)",4.014285714285714
59,"range(22, 23)",2.914285714285714
59,"range(23, 24)",3.071428571428572
59,"range(24, 25)",2.185714285714286
59,"range(25, 26)",2.685714285714286
59,"range(26, 27)",1.0
59,"range(27, 28)",1.5
59,"range(28, 29)",1.457142857142857
59,"range(29, 30)",3.0285714285714285
59,"range(30, 31)",4.885714285714286
59,"range(31, 32)",4.271428571428571
59,"range(32, 33)",6.614285714285714
59,"range(33, 34)",10.257142857142856
59,"range(34, 35)",5.014285714285714
59,"range(35, 36)",5.057142857142857
59,"range(36, 37)",4.171428571428572
59,"range(37, 38)",5.1000000000000005
59,"range(38, 39)",4.514285714285714
59,"range(39, 40)",3.628571428571429
59,"range(40, 41)",7.0
59,"range(41, 42)",3.7285714285714286
59,"range(42, 43)",5.185714285714285
59,"range(43, 44)",5.828571428571428
59,"range(44, 45)",5.857142857142857
59,"range(45, 46)",2.2142857142857144
59,"range(46, 47)",2.2285714285714286
59,"range(47, 48)",4.528571428571429
59,"range(48, 49)",5.485714285714286
59,"range(49, 50)",4.357142857142857
59,"range(50, 51)",4.285714285714286
59,"range(51, 52)",4.257142857142857
59,"range(52, 53)",5.942857142857143
59,"range(53, 54)",7.3
59,"range(54, 55)",6.128571428571428
59,"range(55, 56)",6.628571428571428
59,"range(56, 57)",6.085714285714286
59,"range(57, 58)",6.671428571428572
59,"range(58, 59)",5.200000000000001
59,"range(59, 60)",4.857142857142857
59,"range(60, 61)",5.6571428571428575
60,"range(1, 2)",1.157142857142857
60,"range(2, 3)",0.9714285714285716
60,"range(3, 4)",1.8285714285714287
60,"range(4, 5)",2.557142857142857
60,"range(5, 6)",2.314285714285714
60,"range(6, 7)",2.771428571428572
60,"range(7, 8)",3.242857142857143
60,"range(8, 9)",3.442857142857143
60,"range(9, 10)",2.3000000000000003
60,"range(10, 11)",2.5
60,"range(11, 12)",2.2285714285714286
60,"range(12, 13)",2.142857142857143
60,"range(13, 14)",1.742857142857143
60,"range(14, 15)",1.5142857142857142
60,"range(15, 16)",1.542857142857143
60,"range(16, 17)",1.9857142857142855
60,"range(17, 18)",2.1714285714285717
60,"range(18, 19)",2.9857142857142853
60,"range(19, 20)",3.8
60,"range(20, 21)",3.4
60,"range(21, 22)",3.8857142857142857
60,"range(22, 23)",3.814285714285714
60,"range(23, 24)",4.0
60,"range(24, 25)",4.771428571428571
60,"range(25, 26)",4.1
60,"range(26, 27)",4.071428571428571
60,"range(27, 28)",2.642857142857143
60,"range(28, 29)",2.314285714285714
60,"range(29, 30)",2.3714285714285714
60,"range(30, 31)",2.3285714285714287
60,"range(31, 32)",2.1
60,"range(32, 33)",2.6
60,"range(33, 34)",2.957142857142857
60,"range(34, 35)",2.9
60,"range(35, 36)",2.814285714285714
60,"range(36, 37)",2.657142857142857
60,"range(37, 38)",2.6714285714285717
60,"range(38, 39)",1.6428571428571428
60,"range(39, 40)",1.342857142857143
60,"range(40, 41)",1.3285714285714287
60,"range(41, 42)",1.3285714285714287
60,"range(42, 43)",1.3571428571428572
60,"range(43, 44)",1.7714285714285716
60,"range(44, 45)",2.1
60,"range(45, 46)",1.5571428571428572
60,"range(46, 47)",1.2
60,"range(47, 48)",0.8285714285714285
60,"range(48, 49)",0.6428571428571429
60,"range(49, 50)",1.3714285714285714
60,"range(50, 51)",2.0142857142857142
60,"range(51, 52)",1.9285714285714288
60,"range(52, 53)",2.357142857142857
60,"range(53, 54)",3.071428571428572
60,"range(54, 55)",3.1142857142857143
60,"range(55, 56)",2.9
60,"range(56, 57)",3.071428571428572
60,"range(57, 58)",2.8000000000000003
60,"range(58, 59)",2.6
60,"range(59, 60)",2.3857142857142857
60,"range(60, 61)",3.2
61,"range(1, 2)",0.0142857142857142
61,"range(2, 3)",0.01
61,"range(3, 4)",0.0142857142857142
61,"range(4, 5)",0.0142857142857142
61,"range(5, 6)",0.0142857142857142
61,"range(6, 7)",0.01
61,"range(7, 8)",0.01
61,"range(8, 9)",0.0142857142857142
61,"range(9, 10)",0.01
61,"range(10, 11)",0.0142857142857142
61,"range(11, 12)",0.0142857142857142
61,"range(12, 13)",0.0142857142857142
61,"range(13, 14)",0.0142857142857142
61,"range(14, 15)",0.01
61,"range(15, 16)",0.0142857142857142
61,"range(16, 17)",0.0142857142857142
61,"range(17, 18)",0.01
61,"range(18, 19)",0.01
61,"range(19, 20)",0.0142857142857142
61,"range(20, 21)",0.0142857142857142
61,"range(21, 22)",0.0285714285714285
61,"range(22, 23)",0.01
61,"range(23, 24)",0.01
61,"range(24, 25)",0.01
61,"range(25, 26)",0.01
61,"range(26, 27)",0.01
61,"range(27, 28)",0.01
61,"range(28, 29)",0.0285714285714285
61,"range(29, 30)",0.0142857142857142
61,"range(30, 31)",0.01
61,"range(31, 32)",0.0142857142857142
61,"range(32, 33)",0.01
61,"range(33, 34)",0.0142857142857142
61,"range(34, 35)",0.0142857142857142
61,"range(35, 36)",0.3571428571428571
61,"range(36, 37)",0.1142857142857142
61,"range(37, 38)",0.0714285714285714
61,"range(38, 39)",0.0142857142857142
61,"range(39, 40)",0.0428571428571428
61,"range(40, 41)",0.0285714285714285
61,"range(41, 42)",0.0285714285714285
61,"range(42, 43)",2.242857142857143
61,"range(43, 44)",0.01
61,"range(44, 45)",0.01
61,"range(45, 46)",0.0142857142857142
61,"range(46, 47)",0.01
61,"range(47, 48)",0.01
61,"range(48, 49)",0.0142857142857142
61,"range(49, 50)",0.0142857142857142
61,"range(50, 51)",0.0142857142857142
61,"range(51, 52)",0.0285714285714285
61,"range(52, 53)",0.0142857142857142
61,"range(53, 54)",0.0142857142857142
61,"range(54, 55)",0.0142857142857142
61,"range(55, 56)",0.0142857142857142
61,"range(56, 57)",0.01
61,"range(57, 58)",0.01
61,"range(58, 59)",0.01
61,"range(59, 60)",0.01
61,"range(60, 61)",0.0142857142857142
62,"range(1, 2)",2.8857142857142857
62,"range(2, 3)",2.414285714285714
62,"range(3, 4)",1.2857142857142858
62,"range(4, 5)",0.9
62,"range(5, 6)",1.5142857142857142
62,"range(6, 7)",1.6999999999999995
62,"range(7, 8)",2.1
62,"range(8, 9)",2.4285714285714284
62,"range(9, 10)",3.571428571428572
62,"range(10, 11)",3.957142857142857
62,"range(11, 12)",3.985714285714286
62,"range(12, 13)",3.1
62,"range(13, 14)",2.0571428571428574
62,"range(14, 15)",1.8142857142857145
62,"range(15, 16)",2.157142857142857
62,"range(16, 17)",2.2142857142857144
62,"range(17, 18)",2.571428571428572
62,"range(18, 19)",1.8857142857142857
62,"range(19, 20)",1.9428571428571428
62,"range(20, 21)",1.5285714285714285
62,"range(21, 22)",1.9428571428571428
62,"range(22, 23)",1.5714285714285714
62,"range(23, 24)",1.9714285714285715
62,"range(24, 25)",2.442857142857143
62,"range(25, 26)",2.4714285714285715
62,"range(26, 27)",2.1142857142857143
62,"range(27, 28)",2.071428571428572
62,"range(28, 29)",2.1
62,"range(29, 30)",1.6285714285714286
62,"range(30, 31)",1.6285714285714286
62,"range(31, 32)",1.5571428571428572
62,"range(32, 33)",1.1285714285714286
62,"range(33, 34)",1.2428571428571429
62,"range(34, 35)",1.2142857142857142
62,"range(35, 36)",1.5571428571428572
62,"range(36, 37)",1.9285714285714288
62,"range(37, 38)",1.842857142857143
62,"range(38, 39)",1.7857142857142858
62,"range(39, 40)",1.8285714285714287
62,"range(40, 41)",1.8714285714285717
62,"range(41, 42)",1.9142857142857144
62,"range(42, 43)",2.3428571428571425
62,"range(43, 44)",3.457142857142857
62,"range(44, 45)",3.457142857142857
62,"range(45, 46)",3.757142857142857
62,"range(46, 47)",3.971428571428572
62,"range(47, 48)",3.985714285714285
62,"range(48, 49)",3.957142857142857
62,"range(49, 50)",4.485714285714286
62,"range(50, 51)",4.571428571428571
62,"range(51, 52)",4.671428571428572
62,"range(52, 53)",3.985714285714285
62,"range(53, 54)",3.4142857142857146
62,"range(54, 55)",2.842857142857143
62,"range(55, 56)",2.457142857142857
62,"range(56, 57)",1.6
62,"range(57, 58)",1.542857142857143
62,"range(58, 59)",1.7142857142857142
62,"range(59, 60)",2.557142857142857
62,"range(60, 61)",3.242857142857143
63,"range(1, 2)",0.01
63,"range(2, 3)",0.01
63,"range(3, 4)",0.01
63,"range(4, 5)",0.01
63,"range(5, 6)",1.5714285714285714
63,"range(6, 7)",1.5571428571428572
63,"range(7, 8)",1.5571428571428572
63,"range(8, 9)",1.4714285714285715
63,"range(9, 10)",0.01
63,"range(10, 11)",0.01
63,"range(11, 12)",0.01
63,"range(12, 13)",0.01
63,"range(13, 14)",0.01
63,"range(14, 15)",2.6
63,"range(15, 16)",2.742857142857143
63,"range(16, 17)",0.01
63,"range(17, 18)",2.2
63,"range(18, 19)",4.457142857142857
63,"range(19, 20)",4.557142857142857
63,"range(20, 21)",2.2857142857142856
63,"range(21, 22)",0.01
63,"range(22, 23)",0.01
63,"range(23, 24)",0.01
63,"range(24, 25)",0.01
63,"range(25, 26)",0.01
63,"range(26, 27)",0.01
63,"range(27, 28)",0.01
63,"range(28, 29)",0.01
63,"range(29, 30)",0.01
63,"range(30, 31)",1.0714285714285714
63,"range(31, 32)",3.0428571428571423
63,"range(32, 33)",3.157142857142857
63,"range(33, 34)",1.3857142857142857
63,"range(34, 35)",1.2857142857142858
63,"range(35, 36)",2.071428571428572
63,"range(36, 37)",2.0
63,"range(37, 38)",0.01
63,"range(38, 39)",0.01
63,"range(39, 40)",0.01
63,"range(40, 41)",1.3142857142857145
63,"range(41, 42)",2.571428571428572
63,"range(42, 43)",1.2142857142857142
63,"range(43, 44)",1.2285714285714284
63,"range(44, 45)",1.2285714285714284
63,"range(45, 46)",3.2
63,"range(46, 47)",3.185714285714286
63,"range(47, 48)",3.142857142857143
63,"range(48, 49)",2.0
63,"range(49, 50)",2.0
63,"range(50, 51)",2.142857142857143
63,"range(51, 52)",2.1
63,"range(52, 53)",0.9428571428571428
63,"range(53, 54)",0.9714285714285714
63,"range(54, 55)",0.01
63,"range(55, 56)",0.01
63,"range(56, 57)",0.01
63,"range(57, 58)",0.01
63,"range(58, 59)",0.01
63,"range(59, 60)",1.3857142857142857
63,"range(60, 61)",1.3857142857142857
64,"range(1, 2)",2.8714285714285714
64,"range(2, 3)",4.271428571428571
64,"range(3, 4)",4.557142857142857
64,"range(4, 5)",3.7571428571428567
64,"range(5, 6)",6.528571428571429
64,"range(6, 7)",6.1000000000000005
64,"range(7, 8)",5.642857142857143
64,"range(8, 9)",2.128571428571429
64,"range(9, 10)",1.042857142857143
64,"range(10, 11)",2.142857142857143
64,"range(11, 12)",6.342857142857143
64,"range(12, 13)",6.485714285714287
64,"range(13, 14)",8.471428571428572
64,"range(14, 15)",6.257142857142857
64,"range(15, 16)",6.214285714285714
64,"range(16, 17)",2.8428571428571425
64,"range(17, 18)",0.7714285714285715
64,"range(18, 19)",1.7714285714285711
64,"range(19, 20)",1.8142857142857145
64,"range(20, 21)",2.657142857142857
64,"range(21, 22)",1.6857142857142855
64,"range(22, 23)",1.6714285714285713
64,"range(23, 24)",1.842857142857143
64,"range(24, 25)",0.8428571428571429
64,"range(25, 26)",1.0714285714285714
64,"range(26, 27)",4.014285714285714
64,"range(27, 28)",3.0285714285714285
64,"range(28, 29)",3.0285714285714285
64,"range(29, 30)",4.542857142857143
64,"range(30, 31)",6.285714285714286
64,"range(31, 32)",9.671428571428573
64,"range(32, 33)",7.114285714285714
64,"range(33, 34)",3.0
64,"range(34, 35)",5.914285714285714
64,"range(35, 36)",4.9
64,"range(36, 37)",4.971428571428571
64,"range(37, 38)",3.257142857142857
64,"range(38, 39)",5.242857142857142
64,"range(39, 40)",5.342857142857143
64,"range(40, 41)",4.514285714285714
64,"range(41, 42)",2.157142857142857
64,"range(42, 43)",0.7714285714285715
64,"range(43, 44)",0.6571428571428571
64,"range(44, 45)",0.6285714285714284
64,"range(45, 46)",5.228571428571429
64,"range(46, 47)",5.328571428571428
64,"range(47, 48)",2.585714285714286
64,"range(48, 49)",0.0142857142857142
64,"range(49, 50)",2.357142857142857
64,"range(50, 51)",3.028571428571429
64,"range(51, 52)",2.914285714285714
64,"range(52, 53)",2.4714285714285715
64,"range(53, 54)",2.657142857142857
64,"range(54, 55)",3.128571428571429
64,"range(55, 56)",6.3
64,"range(56, 57)",7.485714285714286
64,"range(57, 58)",5.471428571428571
64,"range(58, 59)",5.6000000000000005
64,"range(59, 60)",7.014285714285714
64,"range(60, 61)",4.985714285714286
65,"range(1, 2)",4.014285714285714
65,"range(2, 3)",4.257142857142857
65,"range(3, 4)",2.642857142857143
65,"range(4, 5)",1.8714285714285717
65,"range(5, 6)",1.4285714285714286
65,"range(6, 7)",2.0285714285714285
65,"range(7, 8)",1.8714285714285717
65,"range(8, 9)",0.01
65,"range(9, 10)",3.5142857142857147
65,"range(10, 11)",3.8428571428571434
65,"range(11, 12)",3.857142857142857
65,"range(12, 13)",3.5285714285714285
65,"range(13, 14)",3.985714285714285
65,"range(14, 15)",1.9428571428571428
65,"range(15, 16)",3.185714285714285
65,"range(16, 17)",1.3857142857142857
65,"range(17, 18)",1.9857142857142855
65,"range(18, 19)",1.1857142857142855
65,"range(19, 20)",1.1857142857142855
65,"range(20, 21)",1.2285714285714284
65,"range(21, 22)",2.7285714285714286
65,"range(22, 23)",3.5285714285714285
65,"range(23, 24)",3.528571428571429
65,"range(24, 25)",2.742857142857143
65,"range(25, 26)",1.9428571428571428
65,"range(26, 27)",2.414285714285714
65,"range(27, 28)",2.914285714285714
65,"range(28, 29)",2.7571428571428567
65,"range(29, 30)",1.657142857142857
65,"range(30, 31)",0.01
65,"range(31, 32)",0.01
65,"range(32, 33)",0.01
65,"range(33, 34)",1.4857142857142858
65,"range(34, 35)",5.585714285714286
65,"range(35, 36)",1.1714285714285713
65,"range(36, 37)",1.8857142857142857
65,"range(37, 38)",1.9714285714285715
65,"range(38, 39)",3.357142857142857
65,"range(39, 40)",4.214285714285714
65,"range(40, 41)",1.1285714285714286
65,"range(41, 42)",2.642857142857143
65,"range(42, 43)",3.2857142857142856
65,"range(43, 44)",5.271428571428571
65,"range(44, 45)",5.1000000000000005
65,"range(45, 46)",5.771428571428572
65,"range(46, 47)",3.5285714285714285
65,"range(47, 48)",1.7714285714285716
65,"range(48, 49)",1.8571428571428568
65,"range(49, 50)",1.5571428571428572
65,"range(50, 51)",1.9857142857142855
65,"range(51, 52)",2.185714285714286
65,"range(52, 53)",0.01
65,"range(53, 54)",0.01
65,"range(54, 55)",0.9571428571428572
65,"range(55, 56)",0.01
65,"range(56, 57)",0.01
65,"range(57, 58)",0.01
65,"range(58, 59)",1.5142857142857142
65,"range(59, 60)",1.1
65,"range(60, 61)",1.6428571428571428
66,"range(1, 2)",0.01
66,"range(2, 3)",0.0142857142857142
66,"range(3, 4)",0.01
66,"range(4, 5)",0.01
66,"range(5, 6)",0.01
66,"range(6, 7)",0.01
66,"range(7, 8)",0.01
66,"range(8, 9)",0.01
66,"range(9, 10)",0.01
66,"range(10, 11)",0.01
66,"range(11, 12)",0.01
66,"range(12, 13)",0.01
66,"range(13, 14)",0.01
66,"range(14, 15)",0.01
66,"range(15, 16)",0.01
66,"range(16, 17)",0.01
66,"range(17, 18)",2.7857142857142856
66,"range(18, 19)",2.7142857142857144
66,"range(19, 20)",2.6714285714285717
66,"range(20, 21)",0.01
66,"range(21, 22)",0.0142857142857142
66,"range(22, 23)",0.0142857142857142
66,"range(23, 24)",2.442857142857143
66,"range(24, 25)",3.142857142857143
66,"range(25, 26)",0.5571428571428572
66,"range(26, 27)",0.5285714285714286
66,"range(27, 28)",0.2428571428571428
66,"range(28, 29)",0.1142857142857143
66,"range(29, 30)",0.1142857142857143
66,"range(30, 31)",0.0142857142857142
66,"range(31, 32)",0.01
66,"range(32, 33)",0.0285714285714285
66,"range(33, 34)",0.01
66,"range(34, 35)",0.01
66,"range(35, 36)",0.0142857142857142
66,"range(36, 37)",0.01
66,"range(37, 38)",0.0142857142857142
66,"range(38, 39)",0.0428571428571428
66,"range(39, 40)",0.0142857142857142
66,"range(40, 41)",2.128571428571429
66,"range(41, 42)",2.128571428571429
66,"range(42, 43)",2.1
66,"range(43, 44)",0.01
66,"range(44, 45)",0.0142857142857142
66,"range(45, 46)",0.0142857142857142
66,"range(46, 47)",0.01
66,"range(47, 48)",0.01
66,"range(48, 49)",0.0285714285714285
66,"range(49, 50)",0.01
66,"range(50, 51)",0.01
66,"range(51, 52)",0.01
66,"range(52, 53)",0.01
66,"range(53, 54)",0.01
66,"range(54, 55)",0.01
66,"range(55, 56)",0.01
66,"range(56, 57)",0.01
66,"range(57, 58)",0.01
66,"range(58, 59)",0.01
66,"range(59, 60)",0.0142857142857142
66,"range(60, 61)",0.01
67,"range(1, 2)",0.01
67,"range(2, 3)",0.01
67,"range(3, 4)",0.01
67,"range(4, 5)",0.01
67,"range(5, 6)",0.01
67,"range(6, 7)",0.01
67,"range(7, 8)",0.01
67,"range(8, 9)",0.01
67,"range(9, 10)",0.01
67,"range(10, 11)",0.01
67,"range(11, 12)",0.01
67,"range(12, 13)",0.01
67,"range(13, 14)",0.01
67,"range(14, 15)",0.01
67,"range(15, 16)",0.01
67,"range(16, 17)",0.01
67,"range(17, 18)",0.01
67,"range(18, 19)",0.01
67,"range(19, 20)",0.01
67,"range(20, 21)",2.3714285714285714
67,"range(21, 22)",2.3428571428571425
67,"range(22, 23)",2.3285714285714287
67,"range(23, 24)",0.01
67,"range(24, 25)",0.01
67,"range(25, 26)",0.01
67,"range(26, 27)",0.01
67,"range(27, 28)",0.01
67,"range(28, 29)",0.01
67,"range(29, 30)",0.01
67,"range(30, 31)",0.01
67,"range(31, 32)",0.01
67,"range(32, 33)",0.01
67,"range(33, 34)",0.01
67,"range(34, 35)",0.01
67,"range(35, 36)",0.01
67,"range(36, 37)",0.01
67,"range(37, 38)",0.01
67,"range(38, 39)",0.01
67,"range(39, 40)",1.042857142857143
67,"range(40, 41)",1.0142857142857142
67,"range(41, 42)",1.0142857142857142
67,"range(42, 43)",1.0714285714285714
67,"range(43, 44)",1.0857142857142856
67,"range(44, 45)",1.0285714285714287
67,"range(45, 46)",1.1
67,"range(46, 47)",0.01
67,"range(47, 48)",0.01
67,"range(48, 49)",0.01
67,"range(49, 50)",0.01
67,"range(50, 51)",0.01
67,"range(51, 52)",0.01
67,"range(52, 53)",0.01
67,"range(53, 54)",0.01
67,"range(54, 55)",0.01
67,"range(55, 56)",0.01
67,"range(56, 57)",0.01
67,"range(57, 58)",0.01
67,"range(58, 59)",0.01
67,"range(59, 60)",0.01
67,"range(60, 61)",0.01
68,"range(1, 2)",0.01
68,"range(2, 3)",0.01
68,"range(3, 4)",0.01
68,"range(4, 5)",0.01
68,"range(5, 6)",0.01
68,"range(6, 7)",0.01
68,"range(7, 8)",0.01
68,"range(8, 9)",0.01
68,"range(9, 10)",0.01
68,"range(10, 11)",0.01
68,"range(11, 12)",0.01
68,"range(12, 13)",0.01
68,"range(13, 14)",1.3714285714285714
68,"range(14, 15)",1.4428571428571428
68,"range(15, 16)",1.4285714285714286
68,"range(16, 17)",1.4142857142857144
68,"range(17, 18)",1.5
68,"range(18, 19)",0.01
68,"range(19, 20)",0.01
68,"range(20, 21)",0.01
68,"range(21, 22)",0.01
68,"range(22, 23)",0.01
68,"range(23, 24)",0.01
68,"range(24, 25)",0.01
68,"range(25, 26)",0.01
68,"range(26, 27)",0.01
68,"range(27, 28)",0.01
68,"range(28, 29)",0.01
68,"range(29, 30)",1.4
68,"range(30, 31)",1.4285714285714286
68,"range(31, 32)",1.4428571428571428
68,"range(32, 33)",1.4428571428571428
68,"range(33, 34)",1.5
68,"range(34, 35)",0.01
68,"range(35, 36)",0.01
68,"range(36, 37)",0.01
68,"range(37, 38)",0.01
68,"range(38, 39)",0.01
68,"range(39, 40)",0.01
68,"range(40, 41)",0.01
68,"range(41, 42)",0.01
68,"range(42, 43)",0.01
68,"range(43, 44)",0.01
68,"range(44, 45)",0.01
68,"range(45, 46)",0.01
68,"range(46, 47)",0.01
68,"range(47, 48)",0.01
68,"range(48, 49)",0.01
68,"range(49, 50)",0.01
68,"range(50, 51)",0.01
68,"range(51, 52)",1.2857142857142858
68,"range(52, 53)",1.2714285714285716
68,"range(53, 54)",1.1142857142857143
68,"range(54, 55)",1.1428571428571428
68,"range(55, 56)",1.1428571428571428
68,"range(56, 57)",1.1142857142857143
68,"range(57, 58)",0.01
68,"range(58, 59)",0.01
68,"range(59, 60)",0.01
68,"range(60, 61)",0.01
69,"range(1, 2)",0.01
69,"range(2, 3)",0.01
69,"range(3, 4)",0.01
69,"range(4, 5)",0.01
69,"range(5, 6)",0.01
69,"range(6, 7)",0.01
69,"range(7, 8)",0.01
69,"range(8, 9)",0.01
69,"range(9, 10)",1.5714285714285714
69,"range(10, 11)",5.214285714285714
69,"range(11, 12)",1.4714285714285715
69,"range(12, 13)",1.4428571428571428
69,"range(13, 14)",0.0142857142857142
69,"range(14, 15)",0.01
69,"range(15, 16)",0.01
69,"range(16, 17)",2.8000000000000003
69,"range(17, 18)",0.01
69,"range(18, 19)",0.01
69,"range(19, 20)",0.01
69,"range(20, 21)",0.01
69,"range(21, 22)",0.0142857142857142
69,"range(22, 23)",0.01
69,"range(23, 24)",0.01
69,"range(24, 25)",0.01
69,"range(25, 26)",0.01
69,"range(26, 27)",0.01
69,"range(27, 28)",0.01
69,"range(28, 29)",0.01
69,"range(29, 30)",0.01
69,"range(30, 31)",0.01
69,"range(31, 32)",0.01
69,"range(32, 33)",0.01
69,"range(33, 34)",0.01
69,"range(34, 35)",1.4
69,"range(35, 36)",1.3
69,"range(36, 37)",1.4285714285714286
69,"range(37, 38)",1.3714285714285714
69,"range(38, 39)",0.01
69,"range(39, 40)",0.01
69,"range(40, 41)",0.01
69,"range(41, 42)",0.01
69,"range(42, 43)",0.01
69,"range(43, 44)",2.2142857142857144
69,"range(44, 45)",2.142857142857143
69,"range(45, 46)",0.01
69,"range(46, 47)",1.2571428571428571
69,"range(47, 48)",1.2714285714285716
69,"range(48, 49)",1.2857142857142858
69,"range(49, 50)",1.2
69,"range(50, 51)",1.2428571428571429
69,"range(51, 52)",0.01
69,"range(52, 53)",0.01
69,"range(53, 54)",0.01
69,"range(54, 55)",0.01
69,"range(55, 56)",0.9142857142857144
69,"range(56, 57)",0.8857142857142858
69,"range(57, 58)",0.8857142857142858
69,"range(58, 59)",1.0142857142857142
69,"range(59, 60)",0.7714285714285715
69,"range(60, 61)",1.0
70,"range(1, 2)",0.01
70,"range(2, 3)",0.01
70,"range(3, 4)",0.01
70,"range(4, 5)",0.01
70,"range(5, 6)",0.01
70,"range(6, 7)",0.01
70,"range(7, 8)",0.01
70,"range(8, 9)",0.4428571428571429
70,"range(9, 10)",0.4571428571428572
70,"range(10, 11)",0.4285714285714285
70,"range(11, 12)",0.01
70,"range(12, 13)",0.01
70,"range(13, 14)",0.01
70,"range(14, 15)",0.01
70,"range(15, 16)",0.01
70,"range(16, 17)",0.01
70,"range(17, 18)",0.01
70,"range(18, 19)",0.01
70,"range(19, 20)",0.01
70,"range(20, 21)",4.4
70,"range(21, 22)",4.457142857142857
70,"range(22, 23)",1.157142857142857
70,"range(23, 24)",1.0571428571428572
70,"range(24, 25)",0.01
70,"range(25, 26)",0.01
70,"range(26, 27)",0.01
70,"range(27, 28)",0.01
70,"range(28, 29)",0.01
70,"range(29, 30)",0.01
70,"range(30, 31)",0.01
70,"range(31, 32)",0.01
70,"range(32, 33)",0.01
70,"range(33, 34)",0.01
70,"range(34, 35)",0.01
70,"range(35, 36)",0.01
70,"range(36, 37)",0.01
70,"range(37, 38)",0.01
70,"range(38, 39)",0.01
70,"range(39, 40)",0.01
70,"range(40, 41)",0.01
70,"range(41, 42)",0.01
70,"range(42, 43)",0.01
70,"range(43, 44)",0.01
70,"range(44, 45)",0.01
70,"range(45, 46)",0.01
70,"range(46, 47)",0.01
70,"range(47, 48)",0.01
70,"range(48, 49)",0.01
70,"range(49, 50)",0.01
70,"range(50, 51)",0.01
70,"range(51, 52)",0.01
70,"range(52, 53)",0.01
70,"range(53, 54)",0.01
70,"range(54, 55)",0.01
70,"range(55, 56)",0.01
70,"range(56, 57)",0.01
70,"range(57, 58)",0.01
70,"range(58, 59)",0.01
70,"range(59, 60)",0.01
70,"range(60, 61)",0.01
71,"range(1, 2)",1.0285714285714287
71,"range(2, 3)",0.6428571428571429
71,"range(3, 4)",1.0714285714285714
71,"range(4, 5)",1.7
71,"range(5, 6)",0.9142857142857144
71,"range(6, 7)",2.0571428571428574
71,"range(7, 8)",0.7571428571428571
71,"range(8, 9)",0.8428571428571429
71,"range(9, 10)",0.8142857142857143
71,"range(10, 11)",0.7857142857142857
71,"range(11, 12)",0.7857142857142857
71,"range(12, 13)",0.4285714285714285
71,"range(13, 14)",0.4142857142857142
71,"range(14, 15)",0.4142857142857142
71,"range(15, 16)",0.7714285714285715
71,"range(16, 17)",0.8285714285714286
71,"range(17, 18)",0.7857142857142857
71,"range(18, 19)",0.3857142857142857
71,"range(19, 20)",0.3857142857142857
71,"range(20, 21)",0.01
71,"range(21, 22)",1.2857142857142858
71,"range(22, 23)",2.0285714285714285
71,"range(23, 24)",2.0142857142857142
71,"range(24, 25)",2.0
71,"range(25, 26)",1.6285714285714286
71,"range(26, 27)",1.2428571428571429
71,"range(27, 28)",1.1857142857142855
71,"range(28, 29)",1.157142857142857
71,"range(29, 30)",0.7714285714285715
71,"range(30, 31)",0.7428571428571429
71,"range(31, 32)",1.1285714285714286
71,"range(32, 33)",0.7571428571428572
71,"range(33, 34)",0.7285714285714285
71,"range(34, 35)",0.7999999999999999
71,"range(35, 36)",0.7857142857142857
71,"range(36, 37)",0.4142857142857142
71,"range(37, 38)",0.7857142857142857
71,"range(38, 39)",0.01
71,"range(39, 40)",0.01
71,"range(40, 41)",0.01
71,"range(41, 42)",0.01
71,"range(42, 43)",0.01
71,"range(43, 44)",0.01
71,"range(44, 45)",0.01
71,"range(45, 46)",0.01
71,"range(46, 47)",0.01
71,"range(47, 48)",0.01
71,"range(48, 49)",0.01
71,"range(49, 50)",0.01
71,"range(50, 51)",0.01
71,"range(51, 52)",0.3571428571428571
71,"range(52, 53)",0.3714285714285714
71,"range(53, 54)",0.01
71,"range(54, 55)",0.3571428571428571
71,"range(55, 56)",0.3714285714285714
71,"range(56, 57)",0.3857142857142857
71,"range(57, 58)",0.7857142857142857
71,"range(58, 59)",0.7714285714285715
71,"range(59, 60)",0.7428571428571429
71,"range(60, 61)",0.7714285714285715
72,"range(1, 2)",0.0714285714285714
72,"range(2, 3)",0.3999999999999999
72,"range(3, 4)",0.3857142857142857
72,"range(4, 5)",0.3714285714285714
72,"range(5, 6)",0.4142857142857142
72,"range(6, 7)",0.01
72,"range(7, 8)",0.01
72,"range(8, 9)",0.01
72,"range(9, 10)",0.01
72,"range(10, 11)",0.01
72,"range(11, 12)",0.01
72,"range(12, 13)",0.01
72,"range(13, 14)",0.01
72,"range(14, 15)",0.01
72,"range(15, 16)",0.01
72,"range(16, 17)",0.01
72,"range(17, 18)",0.01
72,"range(18, 19)",0.01
72,"range(19, 20)",0.01
72,"range(20, 21)",0.01
72,"range(21, 22)",0.4428571428571429
72,"range(22, 23)",0.4428571428571429
72,"range(23, 24)",0.4428571428571429
72,"range(24, 25)",0.4428571428571429
72,"range(25, 26)",0.4428571428571429
72,"range(26, 27)",0.4285714285714285
72,"range(27, 28)",2.1
72,"range(28, 29)",1.6428571428571428
72,"range(29, 30)",1.8
72,"range(30, 31)",4.057142857142857
72,"range(31, 32)",4.128571428571429
72,"range(32, 33)",6.414285714285714
72,"range(33, 34)",3.7285714285714286
72,"range(34, 35)",0.4571428571428572
72,"range(35, 36)",0.4428571428571429
72,"range(36, 37)",0.8857142857142858
72,"range(37, 38)",0.9000000000000001
72,"range(38, 39)",0.8714285714285713
72,"range(39, 40)",1.3285714285714287
72,"range(40, 41)",1.3142857142857145
72,"range(41, 42)",1.3285714285714287
72,"range(42, 43)",0.8714285714285713
72,"range(43, 44)",1.3
72,"range(44, 45)",1.7428571428571429
72,"range(45, 46)",1.3142857142857145
72,"range(46, 47)",1.2714285714285716
72,"range(47, 48)",0.8714285714285713
72,"range(48, 49)",0.7857142857142857
72,"range(49, 50)",0.3285714285714285
72,"range(50, 51)",0.3285714285714285
72,"range(51, 52)",0.3
72,"range(52, 53)",0.3142857142857143
72,"range(53, 54)",0.3
72,"range(54, 55)",0.3
72,"range(55, 56)",0.01
72,"range(56, 57)",0.01
72,"range(57, 58)",0.01
72,"range(58, 59)",0.01
72,"range(59, 60)",0.01
72,"range(60, 61)",0.01
73,"range(1, 2)",0.01
73,"range(2, 3)",0.01
73,"range(3, 4)",0.01
73,"range(4, 5)",0.01
73,"range(5, 6)",0.01
73,"range(6, 7)",0.01
73,"range(7, 8)",0.4142857142857142
73,"range(8, 9)",0.4142857142857142
73,"range(9, 10)",0.4285714285714285
73,"range(10, 11)",0.01
73,"range(11, 12)",0.4285714285714285
73,"range(12, 13)",0.01
73,"range(13, 14)",0.01
73,"range(14, 15)",0.01
73,"range(15, 16)",0.01
73,"range(16, 17)",0.01
73,"range(17, 18)",0.4285714285714285
73,"range(18, 19)",0.4285714285714285
73,"range(19, 20)",0.4428571428571429
73,"range(20, 21)",0.4428571428571429
73,"range(21, 22)",0.4428571428571429
73,"range(22, 23)",0.4428571428571429
73,"range(23, 24)",0.4428571428571429
73,"range(24, 25)",0.4571428571428572
73,"range(25, 26)",0.9142857142857144
73,"range(26, 27)",0.9285714285714286
73,"range(27, 28)",0.9285714285714286
73,"range(28, 29)",3.2285714285714286
73,"range(29, 30)",3.157142857142857
73,"range(30, 31)",3.3999999999999995
73,"range(31, 32)",3.3285714285714287
73,"range(32, 33)",0.01
73,"range(33, 34)",0.01
73,"range(34, 35)",0.01
73,"range(35, 36)",0.01
73,"range(36, 37)",0.01
73,"range(37, 38)",0.01
73,"range(38, 39)",0.4142857142857142
73,"range(39, 40)",0.01
73,"range(40, 41)",0.01
73,"range(41, 42)",0.01
73,"range(42, 43)",0.01
73,"range(43, 44)",0.01
73,"range(44, 45)",0.01
73,"range(45, 46)",0.01
73,"range(46, 47)",0.01
73,"range(47, 48)",0.01
73,"range(48, 49)",0.01
73,"range(49, 50)",0.01
73,"range(50, 51)",0.01
73,"range(51, 52)",0.01
73,"range(52, 53)",0.01
73,"range(53, 54)",0.01
73,"range(54, 55)",0.01
73,"range(55, 56)",0.01
73,"range(56, 57)",0.3999999999999999
73,"range(57, 58)",0.3857142857142857
73,"range(58, 59)",0.3714285714285714
73,"range(59, 60)",0.3999999999999999
73,"range(60, 61)",0.4142857142857142
74,"range(1, 2)",0.8571428571428571
74,"range(2, 3)",0.7714285714285715
74,"range(3, 4)",1.1571428571428573
74,"range(4, 5)",1.2142857142857142
74,"range(5, 6)",1.2
74,"range(6, 7)",1.5857142857142856
74,"range(7, 8)",1.6142857142857143
74,"range(8, 9)",2.6142857142857143
74,"range(9, 10)",2.6142857142857143
74,"range(10, 11)",2.628571428571429
74,"range(11, 12)",2.671428571428572
74,"range(12, 13)",2.8285714285714287
74,"range(13, 14)",1.4714285714285715
74,"range(14, 15)",1.6285714285714286
74,"range(15, 16)",1.157142857142857
74,"range(16, 17)",1.2
74,"range(17, 18)",0.7714285714285715
74,"range(18, 19)",0.7714285714285715
74,"range(19, 20)",1.2571428571428571
74,"range(20, 21)",1.2
74,"range(21, 22)",1.6714285714285713
74,"range(22, 23)",1.2285714285714284
74,"range(23, 24)",1.657142857142857
74,"range(24, 25)",1.7571428571428571
74,"range(25, 26)",1.3714285714285714
74,"range(26, 27)",1.2714285714285716
74,"range(27, 28)",1.7714285714285716
74,"range(28, 29)",1.7428571428571429
74,"range(29, 30)",1.5714285714285714
74,"range(30, 31)",1.9285714285714288
74,"range(31, 32)",1.6285714285714286
74,"range(32, 33)",1.5714285714285714
74,"range(33, 34)",1.6428571428571428
74,"range(34, 35)",1.3571428571428572
74,"range(35, 36)",1.4857142857142858
74,"range(36, 37)",1.5571428571428572
74,"range(37, 38)",1.1142857142857143
74,"range(38, 39)",1.3
74,"range(39, 40)",1.8428571428571427
74,"range(40, 41)",2.742857142857143
74,"range(41, 42)",2.8857142857142857
74,"range(42, 43)",3.1714285714285717
74,"range(43, 44)",2.585714285714286
74,"range(44, 45)",2.3000000000000003
74,"range(45, 46)",2.3428571428571425
74,"range(46, 47)",2.071428571428572
74,"range(47, 48)",1.9714285714285715
74,"range(48, 49)",1.9714285714285715
74,"range(49, 50)",2.414285714285714
74,"range(50, 51)",1.9
74,"range(51, 52)",1.8285714285714287
74,"range(52, 53)",2.2142857142857144
74,"range(53, 54)",2.5285714285714285
74,"range(54, 55)",2.642857142857143
74,"range(55, 56)",2.942857142857143
74,"range(56, 57)",1.8571428571428568
74,"range(57, 58)",1.8285714285714287
74,"range(58, 59)",1.5571428571428572
74,"range(59, 60)",4.885714285714286
74,"range(60, 61)",5.7
75,"range(1, 2)",1.0857142857142856
75,"range(2, 3)",1.0714285714285714
75,"range(3, 4)",1.6857142857142855
75,"range(4, 5)",1.2142857142857142
75,"range(5, 6)",1.2428571428571429
75,"range(6, 7)",1.9
75,"range(7, 8)",2.1142857142857143
75,"range(8, 9)",1.4285714285714286
75,"range(9, 10)",1.8
75,"range(10, 11)",1.8
75,"range(11, 12)",1.9714285714285715
75,"range(12, 13)",2.6714285714285717
75,"range(13, 14)",3.771428571428572
75,"range(14, 15)",3.3857142857142857
75,"range(15, 16)",3.0142857142857147
75,"range(16, 17)",2.628571428571429
75,"range(17, 18)",3.4857142857142853
75,"range(18, 19)",3.5285714285714285
75,"range(19, 20)",2.9857142857142853
75,"range(20, 21)",2.9714285714285715
75,"range(21, 22)",3.128571428571429
75,"range(22, 23)",2.942857142857143
75,"range(23, 24)",2.628571428571429
75,"range(24, 25)",2.542857142857143
75,"range(25, 26)",3.1142857142857143
75,"range(26, 27)",2.8714285714285714
75,"range(27, 28)",2.5
75,"range(28, 29)",2.414285714285714
75,"range(29, 30)",2.457142857142857
75,"range(30, 31)",1.942857142857143
75,"range(31, 32)",4.585714285714286
75,"range(32, 33)",4.457142857142857
75,"range(33, 34)",3.4
75,"range(34, 35)",3.085714285714286
75,"range(35, 36)",1.8714285714285717
75,"range(36, 37)",1.8571428571428568
75,"range(37, 38)",1.9428571428571428
75,"range(38, 39)",2.4857142857142853
75,"range(39, 40)",2.157142857142857
75,"range(40, 41)",1.7571428571428571
75,"range(41, 42)",1.5
75,"range(42, 43)",1.5857142857142856
75,"range(43, 44)",2.0285714285714285
75,"range(44, 45)",2.2
75,"range(45, 46)",2.2142857142857144
75,"range(46, 47)",2.185714285714286
75,"range(47, 48)",2.042857142857143
75,"range(48, 49)",2.2285714285714286
75,"range(49, 50)",2.271428571428572
75,"range(50, 51)",2.2285714285714286
75,"range(51, 52)",1.4857142857142858
75,"range(52, 53)",1.0142857142857142
75,"range(53, 54)",2.0142857142857142
75,"range(54, 55)",2.0571428571428574
75,"range(55, 56)",2.0571428571428574
75,"range(56, 57)",2.628571428571429
75,"range(57, 58)",3.085714285714286
75,"range(58, 59)",5.814285714285714
75,"range(59, 60)",3.2
75,"range(60, 61)",3.142857142857143
76,"range(1, 2)",0.01
76,"range(2, 3)",0.01
76,"range(3, 4)",0.01
76,"range(4, 5)",0.01
76,"range(5, 6)",0.01
76,"range(6, 7)",0.01
76,"range(7, 8)",0.01
76,"range(8, 9)",0.01
76,"range(9, 10)",0.01
76,"range(10, 11)",0.01
76,"range(11, 12)",0.01
76,"range(12, 13)",0.01
76,"range(13, 14)",0.01
76,"range(14, 15)",0.01
76,"range(15, 16)",0.01
76,"range(16, 17)",0.01
76,"range(17, 18)",0.01
76,"range(18, 19)",0.01
76,"range(19, 20)",0.01
76,"range(20, 21)",0.01
76,"range(21, 22)",0.01
76,"range(22, 23)",0.01
76,"range(23, 24)",0.01
76,"range(24, 25)",0.01
76,"range(25, 26)",0.01
76,"range(26, 27)",0.01
76,"range(27, 28)",0.01
76,"range(28, 29)",0.01
76,"range(29, 30)",0.01
76,"range(30, 31)",0.01
76,"range(31, 32)",0.01
76,"range(32, 33)",0.01
76,"range(33, 34)",0.01
76,"range(34, 35)",0.01
76,"range(35, 36)",0.01
76,"range(36, 37)",0.01
76,"range(37, 38)",0.01
76,"range(38, 39)",0.8857142857142858
76,"range(39, 40)",0.8857142857142858
76,"range(40, 41)",0.9285714285714286
76,"range(41, 42)",0.8857142857142858
76,"range(42, 43)",0.8285714285714285
76,"range(43, 44)",0.9428571428571428
76,"range(44, 45)",0.9428571428571428
76,"range(45, 46)",0.9428571428571428
76,"range(46, 47)",0.9571428571428572
76,"range(47, 48)",0.9714285714285714
76,"range(48, 49)",0.9428571428571428
76,"range(49, 50)",0.9428571428571428
76,"range(50, 51)",0.01
76,"range(51, 52)",0.01
76,"range(52, 53)",0.01
76,"range(53, 54)",0.01
76,"range(54, 55)",0.01
76,"range(55, 56)",0.01
76,"range(56, 57)",0.01
76,"range(57, 58)",0.01
76,"range(58, 59)",0.01
76,"range(59, 60)",0.01
76,"range(60, 61)",0.01
77,"range(1, 2)",0.01
77,"range(2, 3)",0.01
77,"range(3, 4)",0.01
77,"range(4, 5)",0.01
77,"range(5, 6)",0.01
77,"range(6, 7)",0.01
77,"range(7, 8)",0.01
77,"range(8, 9)",0.01
77,"range(9, 10)",0.01
77,"range(10, 11)",0.01
77,"range(11, 12)",0.01
77,"range(12, 13)",0.01
77,"range(13, 14)",0.01
77,"range(14, 15)",0.01
77,"range(15, 16)",0.01
77,"range(16, 17)",0.01
77,"range(17, 18)",0.01
77,"range(18, 19)",0.01
77,"range(19, 20)",0.01
77,"range(20, 21)",0.01
77,"range(21, 22)",0.01
77,"range(22, 23)",0.01
77,"range(23, 24)",0.01
77,"range(24, 25)",0.01
77,"range(25, 26)",0.01
77,"range(26, 27)",0.01
77,"range(27, 28)",0.01
77,"range(28, 29)",0.01
77,"range(29, 30)",0.01
77,"range(30, 31)",0.01
77,"range(31, 32)",0.01
77,"range(32, 33)",0.4857142857142857
77,"range(33, 34)",0.5
77,"range(34, 35)",2.8857142857142857
77,"range(35, 36)",0.3857142857142857
77,"range(36, 37)",0.5285714285714286
77,"range(37, 38)",0.5285714285714286
77,"range(38, 39)",0.5
77,"range(39, 40)",0.5142857142857143
77,"range(40, 41)",0.5285714285714286
77,"range(41, 42)",0.5428571428571428
77,"range(42, 43)",0.01
77,"range(43, 44)",0.01
77,"range(44, 45)",0.01
77,"range(45, 46)",1.5571428571428572
77,"range(46, 47)",1.5428571428571427
77,"range(47, 48)",1.9857142857142855
77,"range(48, 49)",1.6857142857142855
77,"range(49, 50)",1.657142857142857
77,"range(50, 51)",0.01
77,"range(51, 52)",0.01
77,"range(52, 53)",0.01
77,"range(53, 54)",0.01
77,"range(54, 55)",0.01
77,"range(55, 56)",0.01
77,"range(56, 57)",0.01
77,"range(57, 58)",0.01
77,"range(58, 59)",0.01
77,"range(59, 60)",0.01
77,"range(60, 61)",0.01
78,"range(1, 2)",0.01
78,"range(2, 3)",0.01
78,"range(3, 4)",0.01
78,"range(4, 5)",0.01
78,"range(5, 6)",0.01
78,"range(6, 7)",0.01
78,"range(7, 8)",0.01
78,"range(8, 9)",0.01
78,"range(9, 10)",0.01
78,"range(10, 11)",0.01
78,"range(11, 12)",0.4428571428571429
78,"range(12, 13)",0.3857142857142857
78,"range(13, 14)",0.01
78,"range(14, 15)",0.01
78,"range(15, 16)",0.01
78,"range(16, 17)",0.3571428571428571
78,"range(17, 18)",0.3571428571428571
78,"range(18, 19)",0.01
78,"range(19, 20)",0.01
78,"range(20, 21)",0.01
78,"range(21, 22)",0.1428571428571428
78,"range(22, 23)",0.1571428571428571
78,"range(23, 24)",0.7571428571428571
78,"range(24, 25)",0.7285714285714285
78,"range(25, 26)",0.01
78,"range(26, 27)",0.01
78,"range(27, 28)",0.01
78,"range(28, 29)",0.01
78,"range(29, 30)",0.01
78,"range(30, 31)",0.01
78,"range(31, 32)",0.01
78,"range(32, 33)",0.01
78,"range(33, 34)",0.01
78,"range(34, 35)",0.01
78,"range(35, 36)",0.01
78,"range(36, 37)",0.01
78,"range(37, 38)",0.01
78,"range(38, 39)",0.01
78,"range(39, 40)",0.01
78,"range(40, 41)",0.01
78,"range(41, 42)",0.01
78,"range(42, 43)",0.01
78,"range(43, 44)",0.01
78,"range(44, 45)",0.9285714285714286
78,"range(45, 46)",0.9428571428571428
78,"range(46, 47)",0.9428571428571428
78,"range(47, 48)",0.9428571428571428
78,"range(48, 49)",0.9428571428571428
78,"range(49, 50)",0.9571428571428572
78,"range(50, 51)",1.9285714285714288
78,"range(51, 52)",0.9428571428571428
78,"range(52, 53)",0.9428571428571428
78,"range(53, 54)",0.9428571428571428
78,"range(54, 55)",0.9714285714285714
78,"range(55, 56)",0.9714285714285714
78,"range(56, 57)",0.9714285714285714
78,"range(57, 58)",0.01
78,"range(58, 59)",0.01
78,"range(59, 60)",0.01
78,"range(60, 61)",0.01
79,"range(1, 2)",0.01
79,"range(2, 3)",0.01
79,"range(3, 4)",0.4428571428571429
79,"range(4, 5)",0.4428571428571429
79,"range(5, 6)",0.4571428571428572
79,"range(6, 7)",0.4428571428571429
79,"range(7, 8)",0.4142857142857142
79,"range(8, 9)",0.4428571428571429
79,"range(9, 10)",0.4285714285714285
79,"range(10, 11)",0.4142857142857142
79,"range(11, 12)",0.01
79,"range(12, 13)",0.01
79,"range(13, 14)",0.01
79,"range(14, 15)",0.01
79,"range(15, 16)",0.01
79,"range(16, 17)",0.01
79,"range(17, 18)",0.01
79,"range(18, 19)",0.01
79,"range(19, 20)",0.01
79,"range(20, 21)",0.01
79,"range(21, 22)",0.01
79,"range(22, 23)",0.01
79,"range(23, 24)",0.01
79,"range(24, 25)",0.01
79,"range(25, 26)",1.2571428571428571
79,"range(26, 27)",0.01
79,"range(27, 28)",0.01
79,"range(28, 29)",0.01
79,"range(29, 30)",0.4428571428571429
79,"range(30, 31)",0.01
79,"range(31, 32)",0.01
79,"range(32, 33)",0.01
79,"range(33, 34)",0.4571428571428572
79,"range(34, 35)",0.4285714285714285
79,"range(35, 36)",0.4142857142857142
79,"range(36, 37)",0.01
79,"range(37, 38)",0.01
79,"range(38, 39)",0.01
79,"range(39, 40)",0.01
79,"range(40, 41)",0.01
79,"range(41, 42)",0.01
79,"range(42, 43)",0.01
79,"range(43, 44)",1.2142857142857142
79,"range(44, 45)",1.2142857142857142
79,"range(45, 46)",0.01
79,"range(46, 47)",0.01
79,"range(47, 48)",0.01
79,"range(48, 49)",0.01
79,"range(49, 50)",0.01
79,"range(50, 51)",0.01
79,"range(51, 52)",0.01
79,"range(52, 53)",0.01
79,"range(53, 54)",0.01
79,"range(54, 55)",0.01
79,"range(55, 56)",0.2857142857142857
79,"range(56, 57)",0.3285714285714285
79,"range(57, 58)",0.3428571428571428
79,"range(58, 59)",0.3142857142857143
79,"range(59, 60)",0.3285714285714285
79,"range(60, 61)",0.2857142857142857
80,"range(1, 2)",0.01
80,"range(2, 3)",0.01
80,"range(3, 4)",0.01
80,"range(4, 5)",0.01
80,"range(5, 6)",0.01
80,"range(6, 7)",0.01
80,"range(7, 8)",0.01
80,"range(8, 9)",0.01
80,"range(9, 10)",0.01
80,"range(10, 11)",0.01
80,"range(11, 12)",0.01
80,"range(12, 13)",0.01
80,"range(13, 14)",0.01
80,"range(14, 15)",0.01
80,"range(15, 16)",0.01
80,"range(16, 17)",0.01
80,"range(17, 18)",0.01
80,"range(18, 19)",0.01
80,"range(19, 20)",0.01
80,"range(20, 21)",0.01
80,"range(21, 22)",0.01
80,"range(22, 23)",0.01
80,"range(23, 24)",0.01
80,"range(24, 25)",0.01
80,"range(25, 26)",0.01
80,"range(26, 27)",0.01
80,"range(27, 28)",0.01
80,"range(28, 29)",0.01
80,"range(29, 30)",0.01
80,"range(30, 31)",0.01
80,"range(31, 32)",0.01
80,"range(32, 33)",0.01
80,"range(33, 34)",0.01
80,"range(34, 35)",0.9
80,"range(35, 36)",0.9428571428571428
80,"range(36, 37)",0.9
80,"range(37, 38)",0.8714285714285713
80,"range(38, 39)",0.01
80,"range(39, 40)",0.01
80,"range(40, 41)",0.01
80,"range(41, 42)",0.01
80,"range(42, 43)",0.01
80,"range(43, 44)",0.01
80,"range(44, 45)",0.01
80,"range(45, 46)",0.01
80,"range(46, 47)",0.01
80,"range(47, 48)",0.01
80,"range(48, 49)",0.01
80,"range(49, 50)",0.01
80,"range(50, 51)",0.01
80,"range(51, 52)",0.01
80,"range(52, 53)",0.01
80,"range(53, 54)",0.01
80,"range(54, 55)",0.01
80,"range(55, 56)",0.01
80,"range(56, 57)",0.01
80,"range(57, 58)",0.01
80,"range(58, 59)",0.01
80,"range(59, 60)",0.01
80,"range(60, 61)",0.01
81,"range(1, 2)",0.01
81,"range(2, 3)",0.4142857142857142
81,"range(3, 4)",0.3999999999999999
81,"range(4, 5)",0.3857142857142857
81,"range(5, 6)",0.3857142857142857
81,"range(6, 7)",0.4285714285714285
81,"range(7, 8)",0.4285714285714285
81,"range(8, 9)",0.01
81,"range(9, 10)",0.01
81,"range(10, 11)",0.01
81,"range(11, 12)",0.01
81,"range(12, 13)",0.01
81,"range(13, 14)",0.01
81,"range(14, 15)",0.01
81,"range(15, 16)",0.01
81,"range(16, 17)",0.01
81,"range(17, 18)",0.01
81,"range(18, 19)",0.01
81,"range(19, 20)",0.01
81,"range(20, 21)",0.01
81,"range(21, 22)",0.01
81,"range(22, 23)",0.01
81,"range(23, 24)",0.01
81,"range(24, 25)",0.01
81,"range(25, 26)",0.01
81,"range(26, 27)",0.01
81,"range(27, 28)",0.01
81,"range(28, 29)",0.01
81,"range(29, 30)",0.01
81,"range(30, 31)",0.01
81,"range(31, 32)",0.01
81,"range(32, 33)",0.01
81,"range(33, 34)",0.01
81,"range(34, 35)",0.01
81,"range(35, 36)",0.01
81,"range(36, 37)",0.01
81,"range(37, 38)",1.0
81,"range(38, 39)",1.0
81,"range(39, 40)",0.9857142857142858
81,"range(40, 41)",1.0285714285714287
81,"range(41, 42)",0.9571428571428572
81,"range(42, 43)",0.9857142857142858
81,"range(43, 44)",0.9714285714285714
81,"range(44, 45)",0.01
81,"range(45, 46)",0.01
81,"range(46, 47)",0.01
81,"range(47, 48)",0.01
81,"range(48, 49)",0.01
81,"range(49, 50)",0.01
81,"range(50, 51)",1.2
81,"range(51, 52)",1.2285714285714284
81,"range(52, 53)",1.2285714285714284
81,"range(53, 54)",0.01
81,"range(54, 55)",0.01
81,"range(55, 56)",0.01
81,"range(56, 57)",0.01
81,"range(57, 58)",0.01
81,"range(58, 59)",0.01
81,"range(59, 60)",0.01
81,"range(60, 61)",0.01
82,"range(1, 2)",0.01
82,"range(2, 3)",0.01
82,"range(3, 4)",0.01
82,"range(4, 5)",0.01
82,"range(5, 6)",0.01
82,"range(6, 7)",0.01
82,"range(7, 8)",0.01
82,"range(8, 9)",0.01
82,"range(9, 10)",0.01
82,"range(10, 11)",0.01
82,"range(11, 12)",0.01
82,"range(12, 13)",0.01
82,"range(13, 14)",0.01
82,"range(14, 15)",0.01
82,"range(15, 16)",0.01
82,"range(16, 17)",0.01
82,"range(17, 18)",0.01
82,"range(18, 19)",0.01
82,"range(19, 20)",0.01
82,"range(20, 21)",0.01
82,"range(21, 22)",0.01
82,"range(22, 23)",0.01
82,"range(23, 24)",0.01
82,"range(24, 25)",0.01
82,"range(25, 26)",0.01
82,"range(26, 27)",0.01
82,"range(27, 28)",0.01
82,"range(28, 29)",0.01
82,"range(29, 30)",0.01
82,"range(30, 31)",0.01
82,"range(31, 32)",0.01
82,"range(32, 33)",0.01
82,"range(33, 34)",0.01
82,"range(34, 35)",0.01
82,"range(35, 36)",0.01
82,"range(36, 37)",0.01
82,"range(37, 38)",0.01
82,"range(38, 39)",0.01
82,"range(39, 40)",0.01
82,"range(40, 41)",0.01
82,"range(41, 42)",0.01
82,"range(42, 43)",0.01
82,"range(43, 44)",0.01
82,"range(44, 45)",0.01
82,"range(45, 46)",0.01
82,"range(46, 47)",0.01
82,"range(47, 48)",0.01
82,"range(48, 49)",0.01
82,"range(49, 50)",0.01
82,"range(50, 51)",0.01
82,"range(51, 52)",0.01
82,"range(52, 53)",0.01
82,"range(53, 54)",0.01
82,"range(54, 55)",0.01
82,"range(55, 56)",0.01
82,"range(56, 57)",0.01
82,"range(57, 58)",0.01
82,"range(58, 59)",0.01
82,"range(59, 60)",0.01
82,"range(60, 61)",0.01
83,"range(1, 2)",0.01
83,"range(2, 3)",0.01
83,"range(3, 4)",0.01
83,"range(4, 5)",0.01
83,"range(5, 6)",0.01
83,"range(6, 7)",0.01
83,"range(7, 8)",0.01
83,"range(8, 9)",0.01
83,"range(9, 10)",0.01
83,"range(10, 11)",0.01
83,"range(11, 12)",0.01
83,"range(12, 13)",0.01
83,"range(13, 14)",0.01
83,"range(14, 15)",0.01
83,"range(15, 16)",0.01
83,"range(16, 17)",0.01
83,"range(17, 18)",0.01
83,"range(18, 19)",0.01
83,"range(19, 20)",0.01
83,"range(20, 21)",0.01
83,"range(21, 22)",0.01
83,"range(22, 23)",0.01
83,"range(23, 24)",0.01
83,"range(24, 25)",0.01
83,"range(25, 26)",0.01
83,"range(26, 27)",0.01
83,"range(27, 28)",0.01
83,"range(28, 29)",0.01
83,"range(29, 30)",0.01
83,"range(30, 31)",0.01
83,"range(31, 32)",0.01
83,"range(32, 33)",0.01
83,"range(33, 34)",2.771428571428572
83,"range(34, 35)",3.2
83,"range(35, 36)",3.257142857142857
83,"range(36, 37)",1.0714285714285714
83,"range(37, 38)",2.042857142857143
83,"range(38, 39)",3.2285714285714286
83,"range(39, 40)",0.4571428571428572
83,"range(40, 41)",0.4571428571428572
83,"range(41, 42)",0.4428571428571429
83,"range(42, 43)",3.071428571428572
83,"range(43, 44)",0.0142857142857142
83,"range(44, 45)",0.01
83,"range(45, 46)",0.0428571428571428
83,"range(46, 47)",0.0142857142857142
83,"range(47, 48)",0.0428571428571428
83,"range(48, 49)",0.01
83,"range(49, 50)",0.5
83,"range(50, 51)",0.4571428571428572
83,"range(51, 52)",0.4714285714285715
83,"range(52, 53)",0.4857142857142857
83,"range(53, 54)",0.4571428571428572
83,"range(54, 55)",1.6428571428571428
83,"range(55, 56)",1.4857142857142858
83,"range(56, 57)",1.6714285714285717
83,"range(57, 58)",1.4857142857142858
83,"range(58, 59)",1.6857142857142855
83,"range(59, 60)",1.7285714285714284
83,"range(60, 61)",1.5714285714285714
84,"range(1, 2)",0.8857142857142858
84,"range(2, 3)",0.1999999999999999
84,"range(3, 4)",0.7714285714285715
84,"range(4, 5)",0.4571428571428572
84,"range(5, 6)",0.4571428571428572
84,"range(6, 7)",0.4571428571428572
84,"range(7, 8)",0.4571428571428572
84,"range(8, 9)",0.4428571428571429
84,"range(9, 10)",0.4428571428571429
84,"range(10, 11)",0.4428571428571429
84,"range(11, 12)",0.4714285714285714
84,"range(12, 13)",0.7999999999999999
84,"range(13, 14)",0.7857142857142857
84,"range(14, 15)",1.1142857142857143
84,"range(15, 16)",1.0714285714285714
84,"range(16, 17)",0.6285714285714287
84,"range(17, 18)",1.0142857142857142
84,"range(18, 19)",0.9714285714285714
84,"range(19, 20)",1.3857142857142857
84,"range(20, 21)",1.3714285714285714
84,"range(21, 22)",1.4285714285714286
84,"range(22, 23)",1.4714285714285715
84,"range(23, 24)",1.4428571428571428
84,"range(24, 25)",1.5571428571428572
84,"range(25, 26)",1.4428571428571428
84,"range(26, 27)",1.0
84,"range(27, 28)",1.1857142857142855
84,"range(28, 29)",1.1285714285714286
84,"range(29, 30)",1.0714285714285714
84,"range(30, 31)",1.1571428571428573
84,"range(31, 32)",0.9000000000000001
84,"range(32, 33)",0.8714285714285713
84,"range(33, 34)",0.8571428571428571
84,"range(34, 35)",0.8714285714285713
84,"range(35, 36)",0.4571428571428572
84,"range(36, 37)",0.4428571428571429
84,"range(37, 38)",0.4285714285714285
84,"range(38, 39)",0.8714285714285713
84,"range(39, 40)",0.8714285714285713
84,"range(40, 41)",0.8428571428571429
84,"range(41, 42)",0.8857142857142856
84,"range(42, 43)",0.4142857142857142
84,"range(43, 44)",0.7285714285714285
84,"range(44, 45)",0.7571428571428571
84,"range(45, 46)",0.8142857142857142
84,"range(46, 47)",0.8428571428571429
84,"range(47, 48)",0.3999999999999999
84,"range(48, 49)",0.3714285714285714
84,"range(49, 50)",0.3714285714285714
84,"range(50, 51)",0.3999999999999999
84,"range(51, 52)",0.01
84,"range(52, 53)",0.01
84,"range(53, 54)",0.01
84,"range(54, 55)",0.01
84,"range(55, 56)",0.5285714285714286
84,"range(56, 57)",0.5285714285714286
84,"range(57, 58)",0.9428571428571428
84,"range(58, 59)",0.9000000000000001
84,"range(59, 60)",0.9000000000000001
84,"range(60, 61)",0.9285714285714286
85,"range(1, 2)",0.01
85,"range(2, 3)",0.01
85,"range(3, 4)",0.01
85,"range(4, 5)",0.01
85,"range(5, 6)",0.01
85,"range(6, 7)",0.01
85,"range(7, 8)",0.01
85,"range(8, 9)",0.4428571428571429
85,"range(9, 10)",0.4285714285714285
85,"range(10, 11)",0.4142857142857142
85,"range(11, 12)",0.3857142857142857
85,"range(12, 13)",0.4428571428571429
85,"range(13, 14)",0.01
85,"range(14, 15)",0.01
85,"range(15, 16)",0.01
85,"range(16, 17)",0.3857142857142857
85,"range(17, 18)",0.01
85,"range(18, 19)",0.01
85,"range(19, 20)",0.01
85,"range(20, 21)",0.01
85,"range(21, 22)",0.01
85,"range(22, 23)",0.01
85,"range(23, 24)",0.01
85,"range(24, 25)",0.01
85,"range(25, 26)",0.01
85,"range(26, 27)",0.01
85,"range(27, 28)",0.01
85,"range(28, 29)",0.01
85,"range(29, 30)",0.01
85,"range(30, 31)",0.01
85,"range(31, 32)",0.2571428571428572
85,"range(32, 33)",0.3
85,"range(33, 34)",0.2857142857142857
85,"range(34, 35)",0.3
85,"range(35, 36)",1.5285714285714285
85,"range(36, 37)",0.3857142857142857
85,"range(37, 38)",0.4142857142857142
85,"range(38, 39)",0.0571428571428571
85,"range(39, 40)",0.9
85,"range(40, 41)",1.1857142857142855
85,"range(41, 42)",0.9142857142857144
85,"range(42, 43)",1.4
85,"range(43, 44)",1.042857142857143
85,"range(44, 45)",1.8
85,"range(45, 46)",1.3
85,"range(46, 47)",1.1428571428571428
85,"range(47, 48)",1.0142857142857142
85,"range(48, 49)",1.3857142857142857
85,"range(49, 50)",0.8142857142857143
85,"range(50, 51)",0.9142857142857144
85,"range(51, 52)",1.4857142857142858
85,"range(52, 53)",1.542857142857143
85,"range(53, 54)",2.3428571428571425
85,"range(54, 55)",0.5285714285714286
85,"range(55, 56)",0.01
85,"range(56, 57)",0.01
85,"range(57, 58)",0.01
85,"range(58, 59)",0.01
85,"range(59, 60)",0.01
85,"range(60, 61)",0.01
86,"range(1, 2)",0.3857142857142857
86,"range(2, 3)",0.3428571428571428
86,"range(3, 4)",0.3142857142857143
86,"range(4, 5)",0.3857142857142857
86,"range(5, 6)",0.01
86,"range(6, 7)",0.01
86,"range(7, 8)",0.5142857142857143
86,"range(8, 9)",0.5285714285714286
86,"range(9, 10)",0.4857142857142857
86,"range(10, 11)",0.4857142857142857
86,"range(11, 12)",0.4714285714285714
86,"range(12, 13)",0.4714285714285714
86,"range(13, 14)",0.4714285714285714
86,"range(14, 15)",0.4714285714285714
86,"range(15, 16)",1.8571428571428568
86,"range(16, 17)",2.2142857142857144
86,"range(17, 18)",1.342857142857143
86,"range(18, 19)",0.01
86,"range(19, 20)",0.4714285714285714
86,"range(20, 21)",0.01
86,"range(21, 22)",0.3714285714285714
86,"range(22, 23)",0.3857142857142857
86,"range(23, 24)",0.3857142857142857
86,"range(24, 25)",0.3571428571428571
86,"range(25, 26)",0.4142857142857142
86,"range(26, 27)",0.3285714285714285
86,"range(27, 28)",0.5285714285714286
86,"range(28, 29)",0.2285714285714286
86,"range(29, 30)",0.2142857142857142
86,"range(30, 31)",0.2428571428571428
86,"range(31, 32)",1.0285714285714285
86,"range(32, 33)",1.042857142857143
86,"range(33, 34)",1.0285714285714287
86,"range(34, 35)",0.8857142857142858
86,"range(35, 36)",0.8571428571428571
86,"range(36, 37)",0.7428571428571429
86,"range(37, 38)",0.7714285714285715
86,"range(38, 39)",0.7428571428571429
86,"range(39, 40)",0.7571428571428572
86,"range(40, 41)",0.7142857142857143
86,"range(41, 42)",0.3857142857142857
86,"range(42, 43)",0.3999999999999999
86,"range(43, 44)",0.4285714285714285
86,"range(44, 45)",0.3714285714285714
86,"range(45, 46)",0.3714285714285714
86,"range(46, 47)",0.01
86,"range(47, 48)",0.01
86,"range(48, 49)",0.01
86,"range(49, 50)",0.01
86,"range(50, 51)",0.01
86,"range(51, 52)",0.01
86,"range(52, 53)",0.01
86,"range(53, 54)",0.8857142857142858
86,"range(54, 55)",0.8714285714285713
86,"range(55, 56)",0.9
86,"range(56, 57)",0.8714285714285713
86,"range(57, 58)",0.9571428571428572
86,"range(58, 59)",0.01
86,"range(59, 60)",0.01
86,"range(60, 61)",0.5
87,"range(1, 2)",2.0571428571428574
87,"range(2, 3)",2.414285714285714
87,"range(3, 4)",0.4571428571428572
87,"range(4, 5)",0.4428571428571429
87,"range(5, 6)",0.4285714285714285
87,"range(6, 7)",0.01
87,"range(7, 8)",0.01
87,"range(8, 9)",0.01
87,"range(9, 10)",0.01
87,"range(10, 11)",0.01
87,"range(11, 12)",0.01
87,"range(12, 13)",0.01
87,"range(13, 14)",0.01
87,"range(14, 15)",0.01
87,"range(15, 16)",0.01
87,"range(16, 17)",0.01
87,"range(17, 18)",0.01
87,"range(18, 19)",0.01
87,"range(19, 20)",0.01
87,"range(20, 21)",0.01
87,"range(21, 22)",0.01
87,"range(22, 23)",0.01
87,"range(23, 24)",0.01
87,"range(24, 25)",0.01
87,"range(25, 26)",0.01
87,"range(26, 27)",2.771428571428572
87,"range(27, 28)",2.771428571428572
87,"range(28, 29)",2.757142857142857
87,"range(29, 30)",2.8000000000000003
87,"range(30, 31)",0.01
87,"range(31, 32)",0.01
87,"range(32, 33)",0.01
87,"range(33, 34)",0.01
87,"range(34, 35)",0.01
87,"range(35, 36)",0.01
87,"range(36, 37)",0.01
87,"range(37, 38)",0.01
87,"range(38, 39)",0.01
87,"range(39, 40)",0.01
87,"range(40, 41)",0.01
87,"range(41, 42)",0.01
87,"range(42, 43)",0.01
87,"range(43, 44)",0.01
87,"range(44, 45)",0.01
87,"range(45, 46)",0.01
87,"range(46, 47)",0.01
87,"range(47, 48)",0.01
87,"range(48, 49)",0.01
87,"range(49, 50)",0.2142857142857142
87,"range(50, 51)",0.7857142857142857
87,"range(51, 52)",0.01
87,"range(52, 53)",0.01
87,"range(53, 54)",0.01
87,"range(54, 55)",0.01
87,"range(55, 56)",0.01
87,"range(56, 57)",0.01
87,"range(57, 58)",0.01
87,"range(58, 59)",0.1714285714285714
87,"range(59, 60)",0.01
87,"range(60, 61)",0.0857142857142857
88,"range(1, 2)",0.4714285714285714
88,"range(2, 3)",0.01
88,"range(3, 4)",0.4428571428571429
88,"range(4, 5)",0.4857142857142857
88,"range(5, 6)",0.4857142857142857
88,"range(6, 7)",0.4714285714285714
88,"range(7, 8)",0.01
88,"range(8, 9)",0.01
88,"range(9, 10)",0.01
88,"range(10, 11)",0.01
88,"range(11, 12)",1.3571428571428572
88,"range(12, 13)",1.3571428571428572
88,"range(13, 14)",0.01
88,"range(14, 15)",0.1999999999999999
88,"range(15, 16)",0.3142857142857143
88,"range(16, 17)",0.01
88,"range(17, 18)",0.01
88,"range(18, 19)",0.2285714285714286
88,"range(19, 20)",0.2285714285714286
88,"range(20, 21)",0.1571428571428571
88,"range(21, 22)",0.1999999999999999
88,"range(22, 23)",0.2285714285714286
88,"range(23, 24)",0.01
88,"range(24, 25)",0.01
88,"range(25, 26)",0.3
88,"range(26, 27)",0.2285714285714286
88,"range(27, 28)",0.3142857142857143
88,"range(28, 29)",0.4714285714285714
88,"range(29, 30)",0.4714285714285714
88,"range(30, 31)",0.3999999999999999
88,"range(31, 32)",0.3714285714285714
88,"range(32, 33)",0.3857142857142857
88,"range(33, 34)",0.3428571428571428
88,"range(34, 35)",0.3714285714285714
88,"range(35, 36)",0.3285714285714285
88,"range(36, 37)",0.3285714285714285
88,"range(37, 38)",0.2428571428571428
88,"range(38, 39)",0.6714285714285715
88,"range(39, 40)",0.2714285714285714
88,"range(40, 41)",0.2857142857142857
88,"range(41, 42)",0.3
88,"range(42, 43)",0.2857142857142857
88,"range(43, 44)",0.3142857142857143
88,"range(44, 45)",0.3714285714285714
88,"range(45, 46)",0.3428571428571428
88,"range(46, 47)",0.6571428571428571
88,"range(47, 48)",0.7857142857142857
88,"range(48, 49)",0.7285714285714285
88,"range(49, 50)",0.7142857142857143
88,"range(50, 51)",1.0714285714285714
88,"range(51, 52)",1.1
88,"range(52, 53)",0.7857142857142857
88,"range(53, 54)",0.9
88,"range(54, 55)",1.2857142857142858
88,"range(55, 56)",1.3
88,"range(56, 57)",1.457142857142857
88,"range(57, 58)",0.3285714285714285
88,"range(58, 59)",0.3142857142857143
88,"range(59, 60)",0.3285714285714285
88,"range(60, 61)",0.2857142857142857
89,"range(1, 2)",0.0999999999999999
89,"range(2, 3)",0.0571428571428571
89,"range(3, 4)",1.1285714285714286
89,"range(4, 5)",1.4428571428571428
89,"range(5, 6)",2.0142857142857142
89,"range(6, 7)",1.1285714285714286
89,"range(7, 8)",0.9571428571428572
89,"range(8, 9)",1.0285714285714287
89,"range(9, 10)",0.9857142857142857
89,"range(10, 11)",0.0999999999999999
89,"range(11, 12)",0.2285714285714286
89,"range(12, 13)",0.0428571428571428
89,"range(13, 14)",1.5
89,"range(14, 15)",1.5571428571428572
89,"range(15, 16)",0.0285714285714285
89,"range(16, 17)",0.9428571428571428
89,"range(17, 18)",1.2285714285714284
89,"range(18, 19)",0.01
89,"range(19, 20)",0.01
89,"range(20, 21)",0.01
89,"range(21, 22)",0.01
89,"range(22, 23)",0.01
89,"range(23, 24)",2.814285714285714
89,"range(24, 25)",2.757142857142857
89,"range(25, 26)",2.742857142857143
89,"range(26, 27)",2.857142857142857
89,"range(27, 28)",5.585714285714286
89,"range(28, 29)",2.614285714285714
89,"range(29, 30)",1.7428571428571429
89,"range(30, 31)",0.5142857142857143
89,"range(31, 32)",0.4142857142857142
89,"range(32, 33)",0.9285714285714286
89,"range(33, 34)",2.0285714285714285
89,"range(34, 35)",3.5285714285714285
89,"range(35, 36)",3.4285714285714284
89,"range(36, 37)",3.7285714285714286
89,"range(37, 38)",2.585714285714286
89,"range(38, 39)",1.3857142857142857
89,"range(39, 40)",1.5857142857142856
89,"range(40, 41)",1.5285714285714285
89,"range(41, 42)",1.3857142857142857
89,"range(42, 43)",1.5
89,"range(43, 44)",3.3857142857142857
89,"range(44, 45)",2.2
89,"range(45, 46)",2.2142857142857144
89,"range(46, 47)",2.9857142857142853
89,"range(47, 48)",3.071428571428572
89,"range(48, 49)",3.3285714285714283
89,"range(49, 50)",3.157142857142857
89,"range(50, 51)",1.7571428571428571
89,"range(51, 52)",3.7
89,"range(52, 53)",2.557142857142857
89,"range(53, 54)",2.3857142857142857
89,"range(54, 55)",2.085714285714286
89,"range(55, 56)",2.1
89,"range(56, 57)",2.2
89,"range(57, 58)",1.657142857142857
89,"range(58, 59)",2.5142857142857147
89,"range(59, 60)",2.685714285714286
89,"range(60, 61)",2.1142857142857143
90,"range(1, 2)",0.01
90,"range(2, 3)",0.01
90,"range(3, 4)",0.01
90,"range(4, 5)",0.01
90,"range(5, 6)",0.3857142857142857
90,"range(6, 7)",0.3714285714285714
90,"range(7, 8)",0.3142857142857143
90,"range(8, 9)",0.3428571428571428
90,"range(9, 10)",0.3
90,"range(10, 11)",0.3142857142857143
90,"range(11, 12)",0.01
90,"range(12, 13)",0.01
90,"range(13, 14)",0.01
90,"range(14, 15)",0.01
90,"range(15, 16)",0.01
90,"range(16, 17)",0.01
90,"range(17, 18)",0.01
90,"range(18, 19)",0.01
90,"range(19, 20)",0.01
90,"range(20, 21)",0.01
90,"range(21, 22)",0.01
90,"range(22, 23)",0.01
90,"range(23, 24)",0.01
90,"range(24, 25)",0.01
90,"range(25, 26)",0.01
90,"range(26, 27)",0.01
90,"range(27, 28)",0.01
90,"range(28, 29)",0.01
90,"range(29, 30)",0.01
90,"range(30, 31)",0.01
90,"range(31, 32)",0.01
90,"range(32, 33)",0.01
90,"range(33, 34)",0.01
90,"range(34, 35)",0.01
90,"range(35, 36)",0.01
90,"range(36, 37)",0.01
90,"range(37, 38)",0.01
90,"range(38, 39)",0.01
90,"range(39, 40)",0.01
90,"range(40, 41)",0.01
90,"range(41, 42)",0.01
90,"range(42, 43)",0.01
90,"range(43, 44)",0.01
90,"range(44, 45)",0.01
90,"range(45, 46)",0.01
90,"range(46, 47)",0.01
90,"range(47, 48)",0.01
90,"range(48, 49)",0.01
90,"range(49, 50)",0.01
90,"range(50, 51)",0.01
90,"range(51, 52)",0.9285714285714286
90,"range(52, 53)",0.9142857142857144
90,"range(53, 54)",0.0714285714285714
90,"range(54, 55)",0.5571428571428572
90,"range(55, 56)",0.4714285714285714
90,"range(56, 57)",0.01
90,"range(57, 58)",1.4714285714285715
90,"range(58, 59)",1.5
90,"range(59, 60)",1.4857142857142858
90,"range(60, 61)",0.9428571428571428
91,"range(1, 2)",0.6571428571428571
91,"range(2, 3)",0.7142857142857143
91,"range(3, 4)",0.3285714285714285
91,"range(4, 5)",0.2714285714285714
91,"range(5, 6)",0.2857142857142857
91,"range(6, 7)",0.3
91,"range(7, 8)",0.3
91,"range(8, 9)",0.4571428571428572
91,"range(9, 10)",0.01
91,"range(10, 11)",0.4428571428571429
91,"range(11, 12)",0.7857142857142857
91,"range(12, 13)",0.1142857142857143
91,"range(13, 14)",0.01
91,"range(14, 15)",0.01
91,"range(15, 16)",0.3
91,"range(16, 17)",0.01
91,"range(17, 18)",0.01
91,"range(18, 19)",0.01
91,"range(19, 20)",1.3285714285714287
91,"range(20, 21)",1.8142857142857145
91,"range(21, 22)",2.1142857142857143
91,"range(22, 23)",0.4571428571428572
91,"range(23, 24)",0.5714285714285714
91,"range(24, 25)",0.01
91,"range(25, 26)",1.2142857142857142
91,"range(26, 27)",0.7428571428571429
91,"range(27, 28)",0.6857142857142857
91,"range(28, 29)",0.7428571428571429
91,"range(29, 30)",0.7285714285714285
91,"range(30, 31)",0.7142857142857143
91,"range(31, 32)",0.01
91,"range(32, 33)",0.01
91,"range(33, 34)",0.01
91,"range(34, 35)",0.01
91,"range(35, 36)",0.01
91,"range(36, 37)",0.01
91,"range(37, 38)",0.01
91,"range(38, 39)",0.01
91,"range(39, 40)",0.01
91,"range(40, 41)",0.01
91,"range(41, 42)",0.01
91,"range(42, 43)",0.01
91,"range(43, 44)",0.01
91,"range(44, 45)",0.01
91,"range(45, 46)",0.01
91,"range(46, 47)",0.01
91,"range(47, 48)",0.01
91,"range(48, 49)",0.01
91,"range(49, 50)",0.01
91,"range(50, 51)",0.01
91,"range(51, 52)",0.01
91,"range(52, 53)",0.01
91,"range(53, 54)",0.01
91,"range(54, 55)",0.01
91,"range(55, 56)",0.01
91,"range(56, 57)",0.01
91,"range(57, 58)",0.01
91,"range(58, 59)",0.01
91,"range(59, 60)",0.01
91,"range(60, 61)",0.01
92,"range(1, 2)",0.01
92,"range(2, 3)",0.01
92,"range(3, 4)",0.01
92,"range(4, 5)",0.01
92,"range(5, 6)",0.01
92,"range(6, 7)",0.01
92,"range(7, 8)",0.01
92,"range(8, 9)",0.01
92,"range(9, 10)",0.01
92,"range(10, 11)",0.01
92,"range(11, 12)",0.3428571428571428
92,"range(12, 13)",0.3857142857142857
92,"range(13, 14)",0.3714285714285714
92,"range(14, 15)",0.01
92,"range(15, 16)",0.01
92,"range(16, 17)",0.01
92,"range(17, 18)",0.01
92,"range(18, 19)",0.01
92,"range(19, 20)",0.01
92,"range(20, 21)",0.01
92,"range(21, 22)",0.01
92,"range(22, 23)",0.01
92,"range(23, 24)",0.01
92,"range(24, 25)",0.01
92,"range(25, 26)",0.01
92,"range(26, 27)",0.01
92,"range(27, 28)",0.01
92,"range(28, 29)",0.01
92,"range(29, 30)",0.01
92,"range(30, 31)",0.01
92,"range(31, 32)",0.01
92,"range(32, 33)",0.01
92,"range(33, 34)",0.01
92,"range(34, 35)",0.01
92,"range(35, 36)",0.01
92,"range(36, 37)",0.01
92,"range(37, 38)",0.01
92,"range(38, 39)",0.01
92,"range(39, 40)",0.01
92,"range(40, 41)",0.01
92,"range(41, 42)",0.3285714285714285
92,"range(42, 43)",0.3714285714285714
92,"range(43, 44)",0.3285714285714285
92,"range(44, 45)",0.3285714285714285
92,"range(45, 46)",0.3714285714285714
92,"range(46, 47)",0.3
92,"range(47, 48)",0.3571428571428571
92,"range(48, 49)",0.3428571428571428
92,"range(49, 50)",0.3285714285714285
92,"range(50, 51)",0.01
92,"range(51, 52)",0.01
92,"range(52, 53)",0.01
92,"range(53, 54)",0.01
92,"range(54, 55)",0.01
92,"range(55, 56)",0.01
92,"range(56, 57)",0.01
92,"range(57, 58)",0.01
92,"range(58, 59)",0.01
92,"range(59, 60)",0.01
92,"range(60, 61)",0.01
93,"range(1, 2)",0.0428571428571428
93,"range(2, 3)",0.0428571428571428
93,"range(3, 4)",0.0142857142857142
93,"range(4, 5)",0.4857142857142857
93,"range(5, 6)",0.4285714285714285
93,"range(6, 7)",1.042857142857143
93,"range(7, 8)",0.9571428571428572
93,"range(8, 9)",1.4857142857142858
93,"range(9, 10)",0.9
93,"range(10, 11)",0.7999999999999999
93,"range(11, 12)",0.7714285714285715
93,"range(12, 13)",1.2571428571428571
93,"range(13, 14)",1.2428571428571429
93,"range(14, 15)",1.0
93,"range(15, 16)",1.6714285714285713
93,"range(16, 17)",1.7
93,"range(17, 18)",1.3285714285714287
93,"range(18, 19)",1.4142857142857144
93,"range(19, 20)",1.3571428571428572
93,"range(20, 21)",2.2
93,"range(21, 22)",0.8571428571428571
93,"range(22, 23)",0.8571428571428571
93,"range(23, 24)",0.8714285714285713
93,"range(24, 25)",0.8857142857142858
93,"range(25, 26)",0.7857142857142857
93,"range(26, 27)",0.7714285714285715
93,"range(27, 28)",0.7428571428571428
93,"range(28, 29)",1.6857142857142855
93,"range(29, 30)",2.085714285714286
93,"range(30, 31)",2.0571428571428574
93,"range(31, 32)",2.142857142857143
93,"range(32, 33)",1.0571428571428572
93,"range(33, 34)",1.5714285714285714
93,"range(34, 35)",1.2714285714285716
93,"range(35, 36)",1.0
93,"range(36, 37)",1.2142857142857142
93,"range(37, 38)",1.2285714285714284
93,"range(38, 39)",1.2428571428571429
93,"range(39, 40)",1.2142857142857142
93,"range(40, 41)",0.8857142857142858
93,"range(41, 42)",0.4428571428571429
93,"range(42, 43)",0.3857142857142857
93,"range(43, 44)",0.3714285714285714
93,"range(44, 45)",0.3999999999999999
93,"range(45, 46)",0.8285714285714286
93,"range(46, 47)",0.8285714285714286
93,"range(47, 48)",0.8285714285714286
93,"range(48, 49)",0.9142857142857144
93,"range(49, 50)",0.8857142857142858
93,"range(50, 51)",0.8714285714285713
93,"range(51, 52)",0.8571428571428571
93,"range(52, 53)",0.8428571428571429
93,"range(53, 54)",0.8285714285714285
93,"range(54, 55)",0.8428571428571429
93,"range(55, 56)",1.1714285714285713
93,"range(56, 57)",0.7428571428571429
93,"range(57, 58)",0.7428571428571429
93,"range(58, 59)",0.7428571428571429
93,"range(59, 60)",0.7714285714285715
93,"range(60, 61)",0.7142857142857143
94,"range(1, 2)",0.01
94,"range(2, 3)",0.01
94,"range(3, 4)",0.01
94,"range(4, 5)",0.01
94,"range(5, 6)",0.01
94,"range(6, 7)",0.01
94,"range(7, 8)",0.01
94,"range(8, 9)",0.01
94,"range(9, 10)",0.01
94,"range(10, 11)",0.01
94,"range(11, 12)",0.01
94,"range(12, 13)",0.01
94,"range(13, 14)",0.01
94,"range(14, 15)",0.01
94,"range(15, 16)",0.01
94,"range(16, 17)",0.01
94,"range(17, 18)",0.01
94,"range(18, 19)",0.01
94,"range(19, 20)",0.01
94,"range(20, 21)",0.01
94,"range(21, 22)",0.01
94,"range(22, 23)",0.01
94,"range(23, 24)",0.01
94,"range(24, 25)",0.01
94,"range(25, 26)",0.01
94,"range(26, 27)",0.01
94,"range(27, 28)",0.01
94,"range(28, 29)",0.01
94,"range(29, 30)",0.01
94,"range(30, 31)",0.01
94,"range(31, 32)",0.01
94,"range(32, 33)",0.01
94,"range(33, 34)",0.01
94,"range(34, 35)",0.01
94,"range(35, 36)",0.01
94,"range(36, 37)",0.01
94,"range(37, 38)",0.01
94,"range(38, 39)",0.01
94,"range(39, 40)",0.01
94,"range(40, 41)",0.01
94,"range(41, 42)",0.01
94,"range(42, 43)",0.01
94,"range(43, 44)",0.01
94,"range(44, 45)",0.01
94,"range(45, 46)",0.01
94,"range(46, 47)",0.01
94,"range(47, 48)",0.01
94,"range(48, 49)",0.01
94,"range(49, 50)",1.2
94,"range(50, 51)",1.4142857142857144
94,"range(51, 52)",1.4714285714285715
94,"range(52, 53)",1.6
94,"range(53, 54)",0.01
94,"range(54, 55)",0.01
94,"range(55, 56)",0.01
94,"range(56, 57)",0.01
94,"range(57, 58)",0.01
94,"range(58, 59)",0.01
94,"range(59, 60)",0.01
94,"range(60, 61)",0.01
95,"range(1, 2)",0.01
95,"range(2, 3)",0.01
95,"range(3, 4)",0.01
95,"range(4, 5)",0.01
95,"range(5, 6)",0.01
95,"range(6, 7)",0.01
95,"range(7, 8)",0.01
95,"range(8, 9)",0.01
95,"range(9, 10)",0.01
95,"range(10, 11)",0.01
95,"range(11, 12)",0.01
95,"range(12, 13)",0.01
95,"range(13, 14)",0.01
95,"range(14, 15)",0.01
95,"range(15, 16)",0.01
95,"range(16, 17)",0.01
95,"range(17, 18)",0.3857142857142857
95,"range(18, 19)",0.01
95,"range(19, 20)",0.01
95,"range(20, 21)",0.4142857142857142
95,"range(21, 22)",0.01
95,"range(22, 23)",0.01
95,"range(23, 24)",0.01
95,"range(24, 25)",0.01
95,"range(25, 26)",0.01
95,"range(26, 27)",0.01
95,"range(27, 28)",0.01
95,"range(28, 29)",0.01
95,"range(29, 30)",0.01
95,"range(30, 31)",0.01
95,"range(31, 32)",0.01
95,"range(32, 33)",0.01
95,"range(33, 34)",0.01
95,"range(34, 35)",0.01
95,"range(35, 36)",0.01
95,"range(36, 37)",0.01
95,"range(37, 38)",0.01
95,"range(38, 39)",0.01
95,"range(39, 40)",0.01
95,"range(40, 41)",0.01
95,"range(41, 42)",0.01
95,"range(42, 43)",0.01
95,"range(43, 44)",0.01
95,"range(44, 45)",0.01
95,"range(45, 46)",0.01
95,"range(46, 47)",0.01
95,"range(47, 48)",0.01
95,"range(48, 49)",0.01
95,"range(49, 50)",0.01
95,"range(50, 51)",0.01
95,"range(51, 52)",0.01
95,"range(52, 53)",0.01
95,"range(53, 54)",0.01
95,"range(54, 55)",1.6142857142857143
95,"range(55, 56)",1.6428571428571428
95,"range(56, 57)",1.6714285714285713
95,"range(57, 58)",1.6857142857142855
95,"range(58, 59)",0.01
95,"range(59, 60)",0.01
95,"range(60, 61)",0.01
96,"range(1, 2)",0.01
96,"range(2, 3)",1.2
96,"range(3, 4)",1.2714285714285716
96,"range(4, 5)",1.2857142857142858
96,"range(5, 6)",1.7571428571428571
96,"range(6, 7)",1.6
96,"range(7, 8)",0.01
96,"range(8, 9)",0.01
96,"range(9, 10)",0.01
96,"range(10, 11)",0.01
96,"range(11, 12)",0.01
96,"range(12, 13)",0.01
96,"range(13, 14)",0.01
96,"range(14, 15)",0.01
96,"range(15, 16)",0.01
96,"range(16, 17)",0.01
96,"range(17, 18)",0.01
96,"range(18, 19)",0.01
96,"range(19, 20)",0.01
96,"range(20, 21)",0.01
96,"range(21, 22)",0.01
96,"range(22, 23)",0.01
96,"range(23, 24)",0.01
96,"range(24, 25)",0.01
96,"range(25, 26)",0.01
96,"range(26, 27)",0.01
96,"range(27, 28)",0.01
96,"range(28, 29)",0.01
96,"range(29, 30)",0.01
96,"range(30, 31)",0.01
96,"range(31, 32)",0.01
96,"range(32, 33)",0.01
96,"range(33, 34)",0.01
96,"range(34, 35)",0.01
96,"range(35, 36)",0.01
96,"range(36, 37)",0.01
96,"range(37, 38)",0.01
96,"range(38, 39)",0.01
96,"range(39, 40)",0.01
96,"range(40, 41)",0.01
96,"range(41, 42)",1.7142857142857142
96,"range(42, 43)",1.7
96,"range(43, 44)",1.657142857142857
96,"range(44, 45)",1.5714285714285714
96,"range(45, 46)",1.5571428571428572
96,"range(46, 47)",1.5714285714285714
96,"range(47, 48)",0.01
96,"range(48, 49)",0.01
96,"range(49, 50)",0.01
96,"range(50, 51)",0.01
96,"range(51, 52)",0.01
96,"range(52, 53)",0.01
96,"range(53, 54)",0.01
96,"range(54, 55)",0.01
96,"range(55, 56)",0.01
96,"range(56, 57)",0.01
96,"range(57, 58)",0.01
96,"range(58, 59)",0.4285714285714285
96,"range(59, 60)",0.4714285714285714
96,"range(60, 61)",0.3857142857142857
97,"range(1, 2)",0.7428571428571428
97,"range(2, 3)",0.6428571428571429
97,"range(3, 4)",1.2428571428571429
97,"range(4, 5)",3.3714285714285714
97,"range(5, 6)",2.185714285714286
97,"range(6, 7)",2.2285714285714286
97,"range(7, 8)",4.242857142857143
97,"range(8, 9)",3.542857142857143
97,"range(9, 10)",3.457142857142857
97,"range(10, 11)",3.585714285714286
97,"range(11, 12)",3.8285714285714287
97,"range(12, 13)",3.728571428571428
97,"range(13, 14)",0.6428571428571429
97,"range(14, 15)",0.4428571428571429
97,"range(15, 16)",1.3714285714285714
97,"range(16, 17)",1.657142857142857
97,"range(17, 18)",0.4142857142857142
97,"range(18, 19)",1.0714285714285714
97,"range(19, 20)",5.785714285714286
97,"range(20, 21)",4.328571428571428
97,"range(21, 22)",8.514285714285714
97,"range(22, 23)",12.757142857142856
97,"range(23, 24)",7.985714285714286
97,"range(24, 25)",7.671428571428572
97,"range(25, 26)",4.471428571428571
97,"range(26, 27)",6.014285714285714
97,"range(27, 28)",6.0
97,"range(28, 29)",3.814285714285714
97,"range(29, 30)",2.9857142857142853
97,"range(30, 31)",2.642857142857143
97,"range(31, 32)",1.3571428571428572
97,"range(32, 33)",0.3428571428571428
97,"range(33, 34)",2.8142857142857145
97,"range(34, 35)",0.3571428571428571
97,"range(35, 36)",0.3714285714285714
97,"range(36, 37)",0.3285714285714285
97,"range(37, 38)",1.9
97,"range(38, 39)",1.657142857142857
97,"range(39, 40)",1.2857142857142858
97,"range(40, 41)",1.2571428571428571
97,"range(41, 42)",3.128571428571429
97,"range(42, 43)",3.2142857142857144
97,"range(43, 44)",3.157142857142857
97,"range(44, 45)",2.9714285714285715
97,"range(45, 46)",1.5857142857142856
97,"range(46, 47)",2.8999999999999995
97,"range(47, 48)",2.942857142857143
97,"range(48, 49)",2.9
97,"range(49, 50)",3.1142857142857143
97,"range(50, 51)",4.1
97,"range(51, 52)",5.585714285714286
97,"range(52, 53)",5.671428571428572
97,"range(53, 54)",2.7285714285714286
97,"range(54, 55)",5.442857142857143
97,"range(55, 56)",4.357142857142857
97,"range(56, 57)",4.557142857142858
97,"range(57, 58)",3.3714285714285714
97,"range(58, 59)",1.5571428571428572
97,"range(59, 60)",3.7714285714285714
97,"range(60, 61)",3.8
98,"range(1, 2)",1.2
98,"range(2, 3)",0.01
98,"range(3, 4)",0.01
98,"range(4, 5)",0.01
98,"range(5, 6)",0.01
98,"range(6, 7)",0.01
98,"range(7, 8)",0.01
98,"range(8, 9)",0.01
98,"range(9, 10)",0.01
98,"range(10, 11)",0.01
98,"range(11, 12)",0.01
98,"range(12, 13)",0.01
98,"range(13, 14)",0.01
98,"range(14, 15)",0.01
98,"range(15, 16)",0.01
98,"range(16, 17)",0.01
98,"range(17, 18)",0.01
98,"range(18, 19)",0.01
98,"range(19, 20)",0.01
98,"range(20, 21)",0.01
98,"range(21, 22)",0.01
98,"range(22, 23)",0.01
98,"range(23, 24)",0.01
98,"range(24, 25)",0.01
98,"range(25, 26)",0.01
98,"range(26, 27)",0.01
98,"range(27, 28)",0.01
98,"range(28, 29)",0.01
98,"range(29, 30)",0.01
98,"range(30, 31)",0.01
98,"range(31, 32)",0.01
98,"range(32, 33)",0.01
98,"range(33, 34)",0.01
98,"range(34, 35)",0.01
98,"range(35, 36)",0.01
98,"range(36, 37)",0.01
98,"range(37, 38)",0.01
98,"range(38, 39)",0.01
98,"range(39, 40)",0.01
98,"range(40, 41)",0.01
98,"range(41, 42)",0.01
98,"range(42, 43)",0.01
98,"range(43, 44)",0.01
98,"range(44, 45)",0.01
98,"range(45, 46)",0.01
98,"range(46, 47)",0.01
98,"range(47, 48)",1.6142857142857143
98,"range(48, 49)",1.6142857142857143
98,"range(49, 50)",1.6142857142857143
98,"range(50, 51)",0.01
98,"range(51, 52)",0.01
98,"range(52, 53)",0.01
98,"range(53, 54)",0.01
98,"range(54, 55)",0.01
98,"range(55, 56)",0.01
98,"range(56, 57)",0.01
98,"range(57, 58)",0.01
98,"range(58, 59)",0.01
98,"range(59, 60)",0.01
98,"range(60, 61)",0.01
99,"range(1, 2)",1.8571428571428568
99,"range(2, 3)",1.8285714285714287
99,"range(3, 4)",1.8142857142857145
99,"range(4, 5)",0.7999999999999999
99,"range(5, 6)",0.7999999999999999
99,"range(6, 7)",0.4142857142857142
99,"range(7, 8)",0.4142857142857142
99,"range(8, 9)",0.4142857142857142
99,"range(9, 10)",0.4285714285714285
99,"range(10, 11)",0.4142857142857142
99,"range(11, 12)",0.4142857142857142
99,"range(12, 13)",0.3999999999999999
99,"range(13, 14)",0.3999999999999999
99,"range(14, 15)",0.3857142857142857
99,"range(15, 16)",0.01
99,"range(16, 17)",0.3428571428571428
99,"range(17, 18)",0.7714285714285715
99,"range(18, 19)",1.0857142857142856
99,"range(19, 20)",1.1285714285714286
99,"range(20, 21)",1.2857142857142858
99,"range(21, 22)",2.6
99,"range(22, 23)",2.4714285714285715
99,"range(23, 24)",3.3714285714285714
99,"range(24, 25)",3.457142857142857
99,"range(25, 26)",2.7142857142857144
99,"range(26, 27)",1.7571428571428571
99,"range(27, 28)",0.9571428571428572
99,"range(28, 29)",0.6571428571428571
99,"range(29, 30)",0.3571428571428571
99,"range(30, 31)",0.3428571428571428
99,"range(31, 32)",0.3571428571428571
99,"range(32, 33)",0.3714285714285714
99,"range(33, 34)",0.01
99,"range(34, 35)",0.01
99,"range(35, 36)",0.01
99,"range(36, 37)",0.01
99,"range(37, 38)",0.01
99,"range(38, 39)",0.01
99,"range(39, 40)",0.01
99,"range(40, 41)",0.01
99,"range(41, 42)",0.4285714285714285
99,"range(42, 43)",0.4285714285714285
99,"range(43, 44)",0.4285714285714285
99,"range(44, 45)",0.4285714285714285
99,"range(45, 46)",0.4428571428571429
99,"range(46, 47)",0.4285714285714285
99,"range(47, 48)",0.4428571428571429
99,"range(48, 49)",0.4142857142857142
99,"range(49, 50)",0.3857142857142857
99,"range(50, 51)",0.3857142857142857
99,"range(51, 52)",0.3428571428571428
99,"range(52, 53)",0.3428571428571428
99,"range(53, 54)",0.3571428571428571
99,"range(54, 55)",0.3571428571428571
99,"range(55, 56)",0.3428571428571428
99,"range(56, 57)",0.3428571428571428
99,"range(57, 58)",0.3428571428571428
99,"range(58, 59)",0.3428571428571428
99,"range(59, 60)",0.3571428571428571
99,"range(60, 61)",0.01
100,"range(1, 2)",0.5571428571428572
100,"range(2, 3)",0.4142857142857142
100,"range(3, 4)",0.1999999999999999
100,"range(4, 5)",0.2428571428571428
100,"range(5, 6)",0.3714285714285714
100,"range(6, 7)",0.2142857142857142
100,"range(7, 8)",0.3285714285714285
100,"range(8, 9)",0.3857142857142857
100,"range(9, 10)",0.1142857142857143
100,"range(10, 11)",0.4142857142857142
100,"range(11, 12)",0.01
100,"range(12, 13)",0.01
100,"range(13, 14)",0.01
100,"range(14, 15)",0.01
100,"range(15, 16)",0.01
100,"range(16, 17)",0.01
100,"range(17, 18)",0.01
100,"range(18, 19)",0.01
100,"range(19, 20)",0.01
100,"range(20, 21)",0.01
100,"range(21, 22)",0.01
100,"range(22, 23)",0.01
100,"range(23, 24)",0.01
100,"range(24, 25)",0.01
100,"range(25, 26)",0.01
100,"range(26, 27)",0.01
100,"range(27, 28)",0.01
100,"range(28, 29)",0.01
100,"range(29, 30)",0.01
100,"range(30, 31)",0.01
100,"range(31, 32)",0.01
100,"range(32, 33)",0.01
100,"range(33, 34)",0.01
100,"range(34, 35)",0.01
100,"range(35, 36)",0.01
100,"range(36, 37)",0.01
100,"range(37, 38)",0.01
100,"range(38, 39)",0.01
100,"range(39, 40)",0.01
100,"range(40, 41)",0.01
100,"range(41, 42)",0.01
100,"range(42, 43)",0.01
100,"range(43, 44)",0.01
100,"range(44, 45)",0.01
100,"range(45, 46)",0.01
100,"range(46, 47)",0.01
100,"range(47, 48)",0.01
100,"range(48, 49)",0.01
100,"range(49, 50)",0.01
100,"range(50, 51)",0.01
100,"range(51, 52)",0.01
100,"range(52, 53)",0.01
100,"range(53, 54)",0.01
100,"range(54, 55)",0.01
100,"range(55, 56)",0.01
100,"range(56, 57)",0.01
100,"range(57, 58)",0.2714285714285714
100,"range(58, 59)",0.3285714285714285
100,"range(59, 60)",0.3571428571428571
100,"range(60, 61)",0.2714285714285714
101,"range(1, 2)",1.042857142857143
101,"range(2, 3)",1.0142857142857142
101,"range(3, 4)",1.0142857142857142
101,"range(4, 5)",1.0285714285714287
101,"range(5, 6)",0.01
101,"range(6, 7)",0.01
101,"range(7, 8)",1.3
101,"range(8, 9)",1.3285714285714287
101,"range(9, 10)",1.3285714285714287
101,"range(10, 11)",2.257142857142857
101,"range(11, 12)",0.8714285714285713
101,"range(12, 13)",0.8285714285714285
101,"range(13, 14)",0.01
101,"range(14, 15)",0.8571428571428571
101,"range(15, 16)",0.01
101,"range(16, 17)",0.01
101,"range(17, 18)",0.01
101,"range(18, 19)",1.3
101,"range(19, 20)",1.2285714285714284
101,"range(20, 21)",1.2571428571428571
101,"range(21, 22)",1.2428571428571429
101,"range(22, 23)",1.2571428571428571
101,"range(23, 24)",2.414285714285714
101,"range(24, 25)",2.271428571428572
101,"range(25, 26)",5.357142857142857
101,"range(26, 27)",2.5142857142857147
101,"range(27, 28)",0.01
101,"range(28, 29)",2.242857142857143
101,"range(29, 30)",2.471428571428571
101,"range(30, 31)",2.3714285714285714
101,"range(31, 32)",0.01
101,"range(32, 33)",0.9285714285714286
101,"range(33, 34)",0.9142857142857144
101,"range(34, 35)",0.01
101,"range(35, 36)",0.01
101,"range(36, 37)",0.01
101,"range(37, 38)",0.01
101,"range(38, 39)",0.01
101,"range(39, 40)",0.01
101,"range(40, 41)",0.01
101,"range(41, 42)",0.2142857142857142
101,"range(42, 43)",0.2571428571428572
101,"range(43, 44)",0.01
101,"range(44, 45)",0.01
101,"range(45, 46)",0.01
101,"range(46, 47)",0.01
101,"range(47, 48)",0.01
101,"range(48, 49)",0.01
101,"range(49, 50)",0.01
101,"range(50, 51)",0.01
101,"range(51, 52)",0.01
101,"range(52, 53)",0.01
101,"range(53, 54)",0.01
101,"range(54, 55)",0.01
101,"range(55, 56)",1.2428571428571429
101,"range(56, 57)",1.2857142857142858
101,"range(57, 58)",2.157142857142857
101,"range(58, 59)",2.157142857142857
101,"range(59, 60)",1.1
101,"range(60, 61)",0.3142857142857143
102,"range(1, 2)",0.01
102,"range(2, 3)",0.01
102,"range(3, 4)",0.01
102,"range(4, 5)",0.01
102,"range(5, 6)",0.01
102,"range(6, 7)",0.01
102,"range(7, 8)",0.01
102,"range(8, 9)",0.01
102,"range(9, 10)",0.01
102,"range(10, 11)",0.01
102,"range(11, 12)",0.01
102,"range(12, 13)",0.01
102,"range(13, 14)",0.01
102,"range(14, 15)",0.01
102,"range(15, 16)",0.01
102,"range(16, 17)",0.01
102,"range(17, 18)",0.01
102,"range(18, 19)",0.01
102,"range(19, 20)",0.01
102,"range(20, 21)",0.01
102,"range(21, 22)",0.01
102,"range(22, 23)",0.01
102,"range(23, 24)",0.01
102,"range(24, 25)",0.01
102,"range(25, 26)",0.01
102,"range(26, 27)",0.01
102,"range(27, 28)",0.01
102,"range(28, 29)",0.01
102,"range(29, 30)",0.01
102,"range(30, 31)",0.01
102,"range(31, 32)",0.01
102,"range(32, 33)",0.01
102,"range(33, 34)",0.01
102,"range(34, 35)",0.01
102,"range(35, 36)",0.01
102,"range(36, 37)",0.01
102,"range(37, 38)",0.01
102,"range(38, 39)",0.01
102,"range(39, 40)",0.01
102,"range(40, 41)",0.01
102,"range(41, 42)",0.01
102,"range(42, 43)",0.01
102,"range(43, 44)",0.01
102,"range(44, 45)",0.01
102,"range(45, 46)",0.01
102,"range(46, 47)",0.01
102,"range(47, 48)",0.01
102,"range(48, 49)",0.01
102,"range(49, 50)",0.01
102,"range(50, 51)",0.01
102,"range(51, 52)",0.01
102,"range(52, 53)",0.01
102,"range(53, 54)",0.01
102,"range(54, 55)",0.01
102,"range(55, 56)",0.01
102,"range(56, 57)",0.01
102,"range(57, 58)",0.01
102,"range(58, 59)",1.6857142857142855
102,"range(59, 60)",1.6857142857142855
102,"range(60, 61)",1.6857142857142855
